,,,,,,,,,,,,,,,,,,,,,,,,,,,,,,,,
Polarization,,,,,,,,,,,,,,,,,,,,,,,,,,,,,,,,
Theta,Theta Angle  (?,,,,,,,,,,,,,,,,,,,,,,,,,,,,,,,
,0,Phi Angle  (?,0,30,60,90,120,150,180,210,240,270,300,330,360,,,,,,,,,,,,,,,,,
,,Frequency  (MHz),Gain  (dBi),Gain  (dBi),Gain  (dBi),Gain  (dBi),Gain  (dBi),Gain  (dBi),Gain  (dBi),Gain  (dBi),Gain  (dBi),Gain  (dBi),Gain  (dBi),Gain  (dBi),Gain  (dBi),,,,,,,,,,,,,,,,,
,,2300,-10.19,-24.52,-13.71,-7.6,-5.75,-6.44,-10.19,-24.52,-13.71,-7.6,-5.75,-6.44,-10.19,,,,,,,,,,,,,,,,,
,,2310,-9.73,-22.21,-14.34,-7.75,-5.71,-6.24,-9.73,-22.21,-14.34,-7.75,-5.71,-6.24,-9.73,,,,,,,,,,,,,,,,,
,,2320,-9.52,-21.32,-14.64,-7.81,-5.69,-6.15,-9.52,-21.32,-14.64,-7.81,-5.69,-6.15,-9.52,,,,,,,,,,,,,,,,,
,,2330,-9.45,-20.97,-14.79,-7.85,-5.69,-6.12,-9.45,-20.97,-14.79,-7.85,-5.69,-6.12,-9.45,,,,,,,,,,,,,,,,,
,,2340,-9.34,-20.66,-14.86,-7.84,-5.65,-6.05,-9.34,-20.66,-14.86,-7.84,-5.65,-6.05,-9.34,,,,,,,,,,,,,,,,,
,,2350,-9.36,-20.34,-15.21,-8.03,-5.78,-6.14,-9.36,-20.34,-15.21,-8.03,-5.78,-6.14,-9.36,,,,,,,,,,,,,,,,,
,,2360,-9,-18.62,-16.38,-8.4,-5.91,-6.07,-9,-18.62,-16.38,-8.4,-5.91,-6.07,-9,,,,,,,,,,,,,,,,,
,,2370,-8.75,-17.52,-17.42,-8.72,-6.03,-6.03,-8.75,-17.52,-17.42,-8.72,-6.03,-6.03,-8.75,,,,,,,,,,,,,,,,,
,,2380,-8.56,-16.54,-18.75,-9.14,-6.21,-6.06,-8.56,-16.54,-18.75,-9.14,-6.21,-6.06,-8.56,,,,,,,,,,,,,,,,,
,,2390,-8.02,-14.8,-21.7,-9.78,-6.39,-5.91,-8.02,-14.8,-21.7,-9.78,-6.39,-5.91,-8.02,,,,,,,,,,,,,,,,,
,,2400,-7.82,-14.14,-23.55,-10.13,-6.5,-5.88,-7.82,-14.14,-23.55,-10.13,-6.5,-5.88,-7.82,,,,,,,,,,,,,,,,,
,,2410,-7.4,-13.13,-26.99,-10.52,-6.53,-5.71,-7.4,-13.13,-26.99,-10.52,-6.53,-5.71,-7.4,,,,,,,,,,,,,,,,,
,,2420,-7.04,-12.85,-26.04,-10.05,-6.12,-5.32,-7.04,-12.85,-26.04,-10.05,-6.12,-5.32,-7.04,,,,,,,,,,,,,,,,,
,,2430,-7.01,-13.37,-22.51,-9.26,-5.66,-5.06,-7.01,-13.37,-22.51,-9.26,-5.66,-5.06,-7.01,,,,,,,,,,,,,,,,,
,,2440,-6.91,-14.03,-19.41,-8.31,-5.06,-4.69,-6.91,-14.03,-19.41,-8.31,-5.06,-4.69,-6.91,,,,,,,,,,,,,,,,,
,,2450,-7.22,-15.35,-17.08,-7.68,-4.8,-4.67,-7.22,-15.35,-17.08,-7.68,-4.8,-4.67,-7.22,,,,,,,,,,,,,,,,,
,,2460,-7.72,-17.34,-15.1,-7.13,-4.63,-4.79,-7.72,-17.34,-15.1,-7.13,-4.63,-4.79,-7.72,,,,,,,,,,,,,,,,,
,,2470,-8.19,-19.63,-13.6,-6.63,-4.46,-4.87,-8.19,-19.63,-13.6,-6.63,-4.46,-4.87,-8.19,,,,,,,,,,,,,,,,,
,,2480,-9.08,-23.53,-12.53,-6.45,-4.62,-5.32,-9.08,-23.53,-12.53,-6.45,-4.62,-5.32,-9.08,,,,,,,,,,,,,,,,,
,,2490,-9.72,-29.27,-11.47,-6.08,-4.53,-5.49,-9.72,-29.27,-11.47,-6.08,-4.53,-5.49,-9.72,,,,,,,,,,,,,,,,,
,,2500,-10.47,-38.78,-11.06,-6.09,-4.74,-5.89,-10.47,-38.78,-11.06,-6.09,-4.74,-5.89,-10.47,,,,,,,,,,,,,,,,,
,,2510,-10.88,-44.76,-10.69,-5.98,-4.76,-6.04,-10.88,-44.76,-10.69,-5.98,-4.76,-6.04,-10.88,,,,,,,,,,,,,,,,,
,,2520,-11.2,-36.62,-10.43,-5.9,-4.78,-6.16,-11.2,-36.62,-10.43,-5.9,-4.78,-6.16,-11.2,,,,,,,,,,,,,,,,,
,,2530,-11.56,-31.94,-10.23,-5.88,-4.85,-6.33,-11.56,-31.94,-10.23,-5.88,-4.85,-6.33,-11.56,,,,,,,,,,,,,,,,,
,,2540,-11.85,-28,-9.78,-5.64,-4.73,-6.33,-11.85,-28,-9.78,-5.64,-4.73,-6.33,-11.85,,,,,,,,,,,,,,,,,
,,2550,-11.77,-27.4,-9.58,-5.48,-4.58,-6.2,-11.77,-27.4,-9.58,-5.48,-4.58,-6.2,-11.77,,,,,,,,,,,,,,,,,
,,2560,-11.88,-25.04,-9.08,-5.14,-4.34,-6.07,-11.88,-25.04,-9.08,-5.14,-4.34,-6.07,-11.88,,,,,,,,,,,,,,,,,
,,2570,-12.11,-23.43,-8.76,-4.97,-4.25,-6.07,-12.11,-23.43,-8.76,-4.97,-4.25,-6.07,-12.11,,,,,,,,,,,,,,,,,
,,2580,-12.48,-22,-8.51,-4.87,-4.25,-6.17,-12.48,-22,-8.51,-4.87,-4.25,-6.17,-12.48,,,,,,,,,,,,,,,,,
,,2590,-12.74,-20.89,-8.24,-4.73,-4.18,-6.2,-12.74,-20.89,-8.24,-4.73,-4.18,-6.2,-12.74,,,,,,,,,,,,,,,,,
,,2600,-13.24,-19.83,-8.08,-4.71,-4.26,-6.39,-13.24,-19.83,-8.08,-4.71,-4.26,-6.39,-13.24,,,,,,,,,,,,,,,,,
,,,,,,,,,,,,,,,,,,,,,,,,,,,,,,,,
,30,Phi Angle  (?,0,30,60,90,120,150,180,210,240,270,300,330,360,,,,,,,,,,,,,,,,,
,,Frequency  (MHz),Gain  (dBi),Gain  (dBi),Gain  (dBi),Gain  (dBi),Gain  (dBi),Gain  (dBi),Gain  (dBi),Gain  (dBi),Gain  (dBi),Gain  (dBi),Gain  (dBi),Gain  (dBi),Gain  (dBi),,,,,,,,,,,,,,,,,
,,2300,-6.83,-7.77,-6.61,-5.06,-4.8,-6.86,-14.22,-17.83,-8.3,-4.92,-3.89,-4.52,-6.83,,,,,,,,,,,,,,,,,
,,2310,-6.42,-7.62,-6.6,-4.93,-4.53,-6.59,-13.83,-17.34,-8.07,-4.67,-3.74,-4.23,-6.42,,,,,,,,,,,,,,,,,
,,2320,-6.21,-7.61,-6.79,-5.1,-4.8,-6.8,-13.55,-17.51,-8.07,-4.65,-3.74,-4.17,-6.21,,,,,,,,,,,,,,,,,
,,2330,-5.73,-7.44,-7.16,-5.37,-5.01,-6.85,-13.19,-17.67,-8.13,-4.64,-3.64,-3.94,-5.73,,,,,,,,,,,,,,,,,
,,2340,-5.12,-6.92,-7.54,-6.1,-5.47,-7.16,-13.05,-19.02,-8.47,-4.77,-3.59,-3.82,-5.12,,,,,,,,,,,,,,,,,
,,2350,-4.65,-6.44,-7.76,-6.81,-6.24,-7.57,-13.06,-20.76,-9.31,-5.17,-3.73,-3.66,-4.65,,,,,,,,,,,,,,,,,
,,2360,-4.09,-5.71,-7.75,-7.51,-6.96,-8.13,-13.27,-23.21,-10.16,-5.65,-3.8,-3.46,-4.09,,,,,,,,,,,,,,,,,
,,2370,-3.61,-5.06,-7.48,-8.32,-7.89,-8.8,-13.47,-27.56,-11.58,-6.4,-4.08,-3.39,-3.61,,,,,,,,,,,,,,,,,
,,2380,-3.28,-4.46,-7.07,-8.77,-8.78,-9.89,-14.05,-35.46,-13.31,-7.11,-4.57,-3.47,-3.28,,,,,,,,,,,,,,,,,
,,2390,-3.06,-4.05,-6.38,-8.83,-9.89,-10.78,-14.62,-29.54,-15,-8.28,-5,-3.46,-3.06,,,,,,,,,,,,,,,,,
,,2400,-2.91,-3.61,-5.91,-8.73,-10.78,-12.5,-15.85,-23.67,-17.65,-9.77,-5.89,-3.79,-2.91,,,,,,,,,,,,,,,,,
,,2410,-2.86,-3.38,-5.3,-8.36,-11.22,-13.98,-16.64,-19.65,-18.55,-11.32,-6.63,-4.12,-2.86,,,,,,,,,,,,,,,,,
,,2420,-2.76,-3.14,-4.88,-7.83,-11.39,-15.01,-17.37,-15.99,-16.48,-12.68,-7.53,-4.48,-2.76,,,,,,,,,,,,,,,,,
,,2430,-2.91,-3.01,-4.6,-7.37,-11.06,-16.68,-17.79,-13.8,-13.58,-13.12,-8.68,-4.91,-2.91,,,,,,,,,,,,,,,,,
,,2440,-3.06,-2.97,-4.27,-6.88,-10.58,-17.84,-17.58,-11.81,-10.92,-12.44,-9.47,-5.46,-3.06,,,,,,,,,,,,,,,,,
,,2450,-3.36,-3.15,-4.24,-6.49,-10.15,-18.38,-17.74,-10.28,-9.28,-11.14,-10.54,-6.2,-3.36,,,,,,,,,,,,,,,,,
,,2460,-3.74,-3.41,-4.33,-6.28,-9.76,-18.66,-17.54,-9.39,-7.8,-9.84,-11.5,-7.01,-3.74,,,,,,,,,,,,,,,,,
,,2470,-4.35,-3.86,-4.6,-6.12,-9.26,-17.01,-17.6,-8.85,-6.89,-8.76,-11.77,-7.88,-4.35,,,,,,,,,,,,,,,,,
,,2480,-5.08,-4.43,-5.05,-6.19,-9.01,-16.64,-17.97,-8.48,-6.52,-8.13,-12.06,-8.9,-5.08,,,,,,,,,,,,,,,,,
,,2490,-5.94,-4.95,-5.29,-6.25,-8.61,-15.67,-17.55,-8.38,-6.12,-7.46,-12,-10,-5.94,,,,,,,,,,,,,,,,,
,,2500,-6.51,-5.66,-5.54,-6.39,-8.47,-15.24,-17.79,-8.3,-5.96,-7.31,-11.83,-10.61,-6.51,,,,,,,,,,,,,,,,,
,,2510,-7.22,-6.19,-5.91,-6.55,-8.38,-14.89,-18.04,-8.38,-5.92,-7.13,-11.86,-11.7,-7.22,,,,,,,,,,,,,,,,,
,,2520,-7.96,-6.62,-6.28,-6.73,-8.46,-14.95,-17.94,-8.29,-5.99,-7.08,-11.91,-12.51,-7.96,,,,,,,,,,,,,,,,,
,,2530,-8.52,-7.05,-6.41,-6.75,-8.41,-14.8,-17.52,-8.3,-6.08,-7.27,-12.27,-13.39,-8.52,,,,,,,,,,,,,,,,,
,,2540,-8.95,-7.34,-6.56,-6.81,-8.38,-14.47,-17.36,-8.36,-6.21,-7.4,-12.42,-14.08,-8.95,,,,,,,,,,,,,,,,,
,,2550,-9.4,-7.62,-6.82,-6.87,-8.15,-14.07,-17.09,-8.54,-6.3,-7.45,-12.67,-15.11,-9.4,,,,,,,,,,,,,,,,,
,,2560,-9.86,-7.97,-7.01,-6.82,-8.01,-13.29,-16.95,-8.54,-6.37,-7.5,-12.95,-15.79,-9.86,,,,,,,,,,,,,,,,,
,,2570,-10.22,-8.19,-7.24,-6.78,-7.47,-12.58,-17.02,-9.07,-6.65,-7.75,-13.14,-16.95,-10.22,,,,,,,,,,,,,,,,,
,,2580,-10.34,-8.38,-7.27,-6.66,-7.29,-12.1,-17.18,-9.34,-6.8,-7.84,-13.06,-17.28,-10.34,,,,,,,,,,,,,,,,,
,,2590,-10.69,-8.66,-7.41,-6.83,-7.4,-11.51,-17.09,-9.58,-7.1,-7.97,-13.25,-17.87,-10.69,,,,,,,,,,,,,,,,,
,,2600,-11.22,-8.95,-7.61,-6.98,-7.52,-11.66,-17.99,-10.4,-7.68,-8.38,-13.44,-18.06,-11.22,,,,,,,,,,,,,,,,,
,,,,,,,,,,,,,,,,,,,,,,,,,,,,,,,,
,60,Phi Angle  (?,0,30,60,90,120,150,180,210,240,270,300,330,360,,,,,,,,,,,,,,,,,
,,Frequency  (MHz),Gain  (dBi),Gain  (dBi),Gain  (dBi),Gain  (dBi),Gain  (dBi),Gain  (dBi),Gain  (dBi),Gain  (dBi),Gain  (dBi),Gain  (dBi),Gain  (dBi),Gain  (dBi),Gain  (dBi),,,,,,,,,,,,,,,,,
,,2300,-4.68,-4.67,-2.83,-2.4,-3.6,-5.78,-8.83,-12.99,-10.91,-7.96,-7.03,-5.41,-4.68,,,,,,,,,,,,,,,,,
,,2310,-4.39,-4.55,-2.71,-2.26,-3.46,-5.75,-9,-13.11,-10.34,-7.49,-6.45,-5.07,-4.39,,,,,,,,,,,,,,,,,
,,2320,-4.49,-4.85,-3.12,-2.51,-3.64,-5.91,-9.21,-12.91,-9.96,-7.1,-6.1,-4.73,-4.49,,,,,,,,,,,,,,,,,
,,2330,-4.61,-5.11,-3.42,-2.85,-3.88,-6.01,-9.16,-12.4,-9.32,-6.77,-5.92,-4.69,-4.61,,,,,,,,,,,,,,,,,
,,2340,-4.73,-5.52,-3.91,-3.27,-4.32,-6.1,-8.88,-12,-9.06,-6.49,-5.74,-4.51,-4.73,,,,,,,,,,,,,,,,,
,,2350,-4.85,-5.77,-4.43,-3.92,-4.78,-6.34,-8.68,-11.74,-9.04,-6.49,-5.73,-4.51,-4.85,,,,,,,,,,,,,,,,,
,,2360,-4.63,-5.68,-4.79,-4.4,-5.06,-6.27,-8.43,-11.45,-9.28,-6.67,-5.68,-4.36,-4.63,,,,,,,,,,,,,,,,,
,,2370,-4.57,-5.66,-5.15,-4.97,-5.59,-6.47,-8.11,-11.55,-9.62,-7.06,-5.74,-4.36,-4.57,,,,,,,,,,,,,,,,,
,,2380,-4.41,-5.64,-5.44,-5.54,-6.05,-6.67,-7.89,-11.39,-10.13,-7.53,-5.71,-4.25,-4.41,,,,,,,,,,,,,,,,,
,,2390,-4.17,-5.55,-5.61,-6.19,-6.52,-6.96,-7.88,-11.29,-10.89,-8.05,-5.89,-4.11,-4.17,,,,,,,,,,,,,,,,,
,,2400,-4.03,-5.61,-6.17,-6.83,-7.42,-7.3,-8.03,-11.48,-12.31,-8.83,-6.17,-4.09,-4.03,,,,,,,,,,,,,,,,,
,,2410,-3.96,-5.6,-6.57,-7.75,-8.14,-7.85,-8.24,-11.73,-13.31,-9.38,-6.34,-4.05,-3.96,,,,,,,,,,,,,,,,,
,,2420,-3.84,-5.76,-6.91,-8.35,-8.88,-8.23,-8.5,-11.98,-14.83,-10.23,-6.54,-4.1,-3.84,,,,,,,,,,,,,,,,,
,,2430,-3.92,-6.14,-7.07,-8.99,-9.66,-8.89,-8.93,-12.31,-16.81,-11.09,-6.8,-4.27,-3.92,,,,,,,,,,,,,,,,,
,,2440,-3.98,-6.22,-7.04,-9.09,-9.89,-9.47,-9.48,-12.63,-18.56,-11.74,-7.1,-4.41,-3.98,,,,,,,,,,,,,,,,,
,,2450,-4.32,-6.34,-6.62,-8.83,-10.07,-10.16,-10.12,-13.3,-20.48,-12.49,-7.45,-4.68,-4.32,,,,,,,,,,,,,,,,,
,,2460,-4.63,-6.43,-6.27,-8.2,-10.1,-10.8,-10.9,-13.6,-23.04,-13.44,-8.1,-5.16,-4.63,,,,,,,,,,,,,,,,,
,,2470,-4.96,-6.47,-5.87,-7.8,-9.84,-11.21,-11.82,-14.1,-24.16,-14.36,-8.68,-5.53,-4.96,,,,,,,,,,,,,,,,,
,,2480,-5.49,-6.5,-5.55,-7.46,-9.82,-12.07,-12.6,-14.82,-28.72,-15.37,-9.34,-6.11,-5.49,,,,,,,,,,,,,,,,,
,,2490,-5.74,-6.34,-5.34,-7.25,-9.61,-12.33,-14.01,-15.67,-33.45,-16.52,-9.98,-6.6,-5.74,,,,,,,,,,,,,,,,,
,,2500,-5.95,-6.24,-5.25,-6.92,-9.69,-13.3,-15.3,-16.17,-34.9,-17.37,-10.51,-6.99,-5.95,,,,,,,,,,,,,,,,,
,,2510,-6.18,-6.26,-5.28,-7.09,-9.88,-14.05,-16.76,-16.78,-49.71,-18.87,-11.1,-7.24,-6.18,,,,,,,,,,,,,,,,,
,,2520,-6.67,-6.32,-5.37,-7.26,-10.14,-14.41,-19.04,-17.3,-32.17,-19.85,-11.65,-7.64,-6.67,,,,,,,,,,,,,,,,,
,,2530,-6.93,-6.59,-5.45,-7.63,-10.44,-15.37,-20.73,-17.87,-29.98,-20.57,-11.94,-7.85,-6.93,,,,,,,,,,,,,,,,,
,,2540,-7.09,-6.59,-5.59,-7.71,-10.68,-15.71,-23.8,-18.12,-28.2,-21.36,-12.02,-7.95,-7.09,,,,,,,,,,,,,,,,,
,,2550,-7.15,-6.54,-5.76,-8.07,-11.01,-16.06,-27.74,-18.02,-26.93,-22.45,-12.41,-8.02,-7.15,,,,,,,,,,,,,,,,,
,,2560,-7.19,-6.56,-5.75,-8.2,-11.31,-16.43,-31.97,-18.31,-26.11,-23.76,-12.42,-7.97,-7.19,,,,,,,,,,,,,,,,,
,,2570,-7.25,-6.51,-5.68,-8.3,-11.2,-16.13,-31.21,-17.61,-23.53,-24.99,-12.37,-8.02,-7.25,,,,,,,,,,,,,,,,,
,,2580,-7.41,-6.62,-5.73,-8.3,-11.11,-15.1,-25.52,-17.29,-21.84,-27.41,-12.73,-8.33,-7.41,,,,,,,,,,,,,,,,,
,,2590,-7.52,-6.75,-5.83,-8.32,-10.93,-14.91,-22.47,-16.72,-19.91,-31.99,-13.3,-8.66,-7.52,,,,,,,,,,,,,,,,,
,,2600,-8.05,-7.18,-6.34,-8.63,-10.84,-14.16,-19.66,-15.97,-18.63,-32.02,-14.17,-9.15,-8.05,,,,,,,,,,,,,,,,,
,,,,,,,,,,,,,,,,,,,,,,,,,,,,,,,,
,90,Phi Angle  (?,0,30,60,90,120,150,180,210,240,270,300,330,360,,,,,,,,,,,,,,,,,
,,Frequency  (MHz),Gain  (dBi),Gain  (dBi),Gain  (dBi),Gain  (dBi),Gain  (dBi),Gain  (dBi),Gain  (dBi),Gain  (dBi),Gain  (dBi),Gain  (dBi),Gain  (dBi),Gain  (dBi),Gain  (dBi),,,,,,,,,,,,,,,,,
,,2300,-5.02,-4.55,-4.26,-3.81,-3.38,-4.03,-5.3,-16.73,-20.62,-21.66,-22.19,-15.49,-5.02,,,,,,,,,,,,,,,,,
,,2310,-4.69,-4.43,-4.22,-3.84,-3.44,-3.96,-4.92,-14.94,-17.52,-19.42,-19.88,-14.52,-4.69,,,,,,,,,,,,,,,,,
,,2320,-4.68,-4.38,-4.4,-4.03,-3.67,-4,-4.87,-13.61,-15.7,-18.15,-17.76,-13.77,-4.68,,,,,,,,,,,,,,,,,
,,2330,-4.54,-4.37,-4.56,-4.28,-3.94,-4.13,-4.75,-12.7,-14.25,-16.59,-16.33,-13.25,-4.54,,,,,,,,,,,,,,,,,
,,2340,-4.43,-4.38,-4.74,-4.63,-4.19,-4.23,-4.64,-11.77,-13.63,-15.65,-15.14,-12.43,-4.43,,,,,,,,,,,,,,,,,
,,2350,-4.44,-4.54,-5.08,-5.1,-4.53,-4.53,-4.64,-10.88,-12.49,-14.65,-13.98,-11.57,-4.44,,,,,,,,,,,,,,,,,
,,2360,-4.44,-4.65,-5.34,-5.48,-4.92,-4.55,-4.48,-9.78,-11.69,-13.6,-12.53,-10.99,-4.44,,,,,,,,,,,,,,,,,
,,2370,-4.47,-4.81,-5.88,-5.93,-5.39,-4.6,-4.27,-8.93,-10.67,-12.99,-11.92,-10.38,-4.47,,,,,,,,,,,,,,,,,
,,2380,-4.55,-5.08,-6.35,-6.52,-5.78,-4.73,-4.08,-7.99,-9.89,-12.32,-10.94,-9.93,-4.55,,,,,,,,,,,,,,,,,
,,2390,-4.69,-5.43,-7.05,-7.44,-6.53,-4.88,-3.92,-7.19,-9.15,-11.57,-10.34,-9.6,-4.69,,,,,,,,,,,,,,,,,
,,2400,-4.86,-5.74,-7.61,-8.33,-7.48,-5.28,-3.96,-6.4,-8.42,-11.2,-9.69,-9.1,-4.86,,,,,,,,,,,,,,,,,
,,2410,-5.03,-6.07,-8.29,-9.17,-8.53,-5.86,-4.06,-5.69,-7.73,-10.57,-9.2,-9.02,-5.03,,,,,,,,,,,,,,,,,
,,2420,-5.06,-6.07,-8.68,-9.87,-9.93,-6.68,-4.32,-5.09,-7.18,-10.09,-8.52,-8.66,-5.06,,,,,,,,,,,,,,,,,
,,2430,-4.99,-6.05,-8.35,-9.75,-10.9,-7.62,-4.7,-4.68,-6.63,-9.57,-7.91,-8.36,-4.99,,,,,,,,,,,,,,,,,
,,2440,-4.63,-5.86,-8.09,-9.09,-11.23,-8.78,-5.18,-4.39,-6.28,-9.32,-7.3,-8.04,-4.63,,,,,,,,,,,,,,,,,
,,2450,-4.38,-5.69,-7.32,-8.15,-10.94,-10.08,-5.83,-4.3,-6.08,-9.2,-6.94,-7.85,-4.38,,,,,,,,,,,,,,,,,
,,2460,-4.33,-5.47,-6.9,-7.26,-10.12,-11.65,-6.62,-4.33,-6.01,-9.23,-6.62,-7.86,-4.33,,,,,,,,,,,,,,,,,
,,2470,-4.26,-5.35,-6.39,-6.49,-9.25,-13.49,-7.63,-4.5,-5.95,-9.19,-6.54,-7.87,-4.26,,,,,,,,,,,,,,,,,
,,2480,-4.34,-5.5,-6.18,-5.98,-8.59,-15.53,-8.79,-4.79,-6.22,-9.22,-6.58,-8.05,-4.34,,,,,,,,,,,,,,,,,
,,2490,-4.38,-5.51,-5.97,-5.59,-7.82,-17.16,-9.86,-4.94,-6.22,-9.57,-6.51,-8.2,-4.38,,,,,,,,,,,,,,,,,
,,2500,-4.6,-5.85,-5.92,-5.29,-7.45,-18.19,-10.66,-5.04,-6.2,-9.24,-6.44,-8.27,-4.6,,,,,,,,,,,,,,,,,
,,2510,-4.52,-5.91,-5.84,-5.17,-7.17,-18.56,-11.71,-5.25,-6.24,-9.24,-6.4,-8.37,-4.52,,,,,,,,,,,,,,,,,
,,2520,-4.64,-6.23,-5.96,-5.16,-7.03,-18.27,-12.64,-5.56,-6.24,-9.14,-6.35,-8.54,-4.64,,,,,,,,,,,,,,,,,
,,2530,-4.84,-6.3,-6.04,-5.38,-7.01,-17.52,-13.54,-5.9,-6.38,-8.97,-6.33,-8.49,-4.84,,,,,,,,,,,,,,,,,
,,2540,-4.78,-6.46,-6.17,-5.42,-6.96,-16.9,-14.73,-6.22,-6.55,-8.8,-6.25,-8.34,-4.78,,,,,,,,,,,,,,,,,
,,2550,-4.74,-6.51,-6.45,-5.55,-6.91,-16.15,-15.8,-6.43,-6.66,-8.84,-6.12,-8.2,-4.74,,,,,,,,,,,,,,,,,
,,2560,-4.72,-6.6,-6.49,-5.52,-6.83,-15.87,-16.75,-6.62,-6.84,-8.73,-6.14,-7.95,-4.72,,,,,,,,,,,,,,,,,
,,2570,-4.84,-6.9,-6.47,-5.61,-6.61,-14.42,-17.87,-6.94,-6.87,-8.55,-6.03,-7.66,-4.84,,,,,,,,,,,,,,,,,
,,2580,-4.87,-7.02,-6.61,-5.46,-6.39,-13.74,-18.87,-7.23,-6.95,-8.27,-5.92,-7.63,-4.87,,,,,,,,,,,,,,,,,
,,2590,-5.1,-7.46,-6.92,-5.52,-6.28,-13.05,-19.64,-7.58,-7.14,-8.48,-5.98,-7.35,-5.1,,,,,,,,,,,,,,,,,
,,2600,-5.4,-7.85,-7.27,-5.81,-6.22,-12.22,-20.25,-7.91,-7.26,-8.44,-5.93,-7.46,-5.4,,,,,,,,,,,,,,,,,
,,,,,,,,,,,,,,,,,,,,,,,,,,,,,,,,
,120,Phi Angle  (?,0,30,60,90,120,150,180,210,240,270,300,330,360,,,,,,,,,,,,,,,,,
,,Frequency  (MHz),Gain  (dBi),Gain  (dBi),Gain  (dBi),Gain  (dBi),Gain  (dBi),Gain  (dBi),Gain  (dBi),Gain  (dBi),Gain  (dBi),Gain  (dBi),Gain  (dBi),Gain  (dBi),Gain  (dBi),,,,,,,,,,,,,,,,,
,,2300,-8.56,-4.66,-3.25,-1.96,-1.79,-2.33,-9.44,-11.48,-5.39,-5.27,-7.12,-11.8,-8.56,,,,,,,,,,,,,,,,,
,,2310,-8.48,-4.73,-3.37,-1.95,-1.78,-2.09,-8.89,-12.15,-5.73,-5.33,-7.12,-11.98,-8.48,,,,,,,,,,,,,,,,,
,,2320,-8.67,-5.15,-3.66,-2.29,-2.01,-2.16,-8.3,-13.53,-6.47,-5.85,-7.3,-11.97,-8.67,,,,,,,,,,,,,,,,,
,,2330,-8.85,-5.58,-4.1,-2.58,-2.14,-2.18,-7.86,-14.87,-7.04,-6.04,-7.39,-11.81,-8.85,,,,,,,,,,,,,,,,,
,,2340,-9.23,-6.21,-4.76,-3.11,-2.52,-2.33,-7.53,-14.94,-7.29,-6.25,-7.37,-11.71,-9.23,,,,,,,,,,,,,,,,,
,,2350,-9.79,-6.89,-5.46,-3.75,-2.91,-2.48,-7.37,-14.44,-7.82,-6.53,-7.55,-11.67,-9.79,,,,,,,,,,,,,,,,,
,,2360,-10.13,-7.55,-6.24,-4.5,-3.37,-2.63,-6.95,-12.87,-7.89,-6.76,-7.72,-11.52,-10.13,,,,,,,,,,,,,,,,,
,,2370,-10.63,-8.39,-7,-5.19,-3.89,-2.87,-6.71,-11.01,-7.65,-6.76,-7.81,-11.4,-10.63,,,,,,,,,,,,,,,,,
,,2380,-11.08,-9.23,-7.79,-6.03,-4.59,-3.25,-6.49,-9.56,-7.4,-6.76,-7.65,-11.36,-11.08,,,,,,,,,,,,,,,,,
,,2390,-11.35,-9.64,-8.67,-7.05,-5.33,-3.79,-6.24,-8,-6.94,-6.59,-7.65,-11.21,-11.35,,,,,,,,,,,,,,,,,
,,2400,-12.16,-10.19,-9.42,-8.08,-6.4,-4.42,-6.48,-6.72,-6.08,-6.28,-7.48,-10.83,-12.16,,,,,,,,,,,,,,,,,
,,2410,-12.29,-10.68,-10.26,-9.17,-7.34,-5.22,-6.46,-5.42,-5.21,-5.75,-7.26,-10.38,-12.29,,,,,,,,,,,,,,,,,
,,2420,-12.35,-10.75,-10.51,-9.91,-8.76,-6.07,-6.6,-4.47,-4.45,-5.15,-6.82,-10.03,-12.35,,,,,,,,,,,,,,,,,
,,2430,-12.69,-10.35,-10.2,-9.93,-9.73,-6.96,-6.84,-3.54,-3.62,-4.71,-6.38,-9.58,-12.69,,,,,,,,,,,,,,,,,
,,2440,-12.03,-9.64,-9.24,-8.99,-10.29,-8.07,-7.07,-2.82,-2.92,-4.17,-5.99,-9.15,-12.03,,,,,,,,,,,,,,,,,
,,2450,-11.69,-8.88,-8.2,-7.95,-10.23,-9.4,-7.59,-2.41,-2.35,-3.76,-5.58,-8.63,-11.69,,,,,,,,,,,,,,,,,
,,2460,-11.35,-8.17,-7.34,-7.04,-9.87,-10.76,-8.19,-2.15,-1.98,-3.36,-5.19,-8.45,-11.35,,,,,,,,,,,,,,,,,
,,2470,-10.47,-7.69,-6.68,-6.15,-9.13,-11.88,-8.99,-1.97,-1.75,-3.13,-5.09,-8.22,-10.47,,,,,,,,,,,,,,,,,
,,2480,-10.32,-7.31,-6.48,-5.9,-8.53,-12.79,-9.78,-1.99,-1.68,-3.11,-5.07,-8.3,-10.32,,,,,,,,,,,,,,,,,
,,2490,-10.21,-7.01,-6.16,-5.38,-8.12,-13.52,-10.71,-2.13,-1.6,-3.09,-5.07,-8.14,-10.21,,,,,,,,,,,,,,,,,
,,2500,-9.84,-6.95,-6.11,-5.29,-7.95,-13.47,-11.54,-2.23,-1.62,-3.07,-5.06,-8.12,-9.84,,,,,,,,,,,,,,,,,
,,2510,-9.53,-6.87,-6.05,-5.22,-7.76,-13.57,-12.26,-2.36,-1.64,-3.15,-5.17,-8.07,-9.53,,,,,,,,,,,,,,,,,
,,2520,-9.26,-6.91,-6.19,-5.32,-7.68,-13.35,-13.01,-2.6,-1.88,-3.32,-5.35,-8.22,-9.26,,,,,,,,,,,,,,,,,
,,2530,-9.27,-6.93,-6.37,-5.19,-7.53,-13.42,-13.68,-2.77,-2.14,-3.49,-5.56,-8.1,-9.27,,,,,,,,,,,,,,,,,
,,2540,-9.29,-7.25,-6.52,-5.42,-7.41,-13.08,-13.74,-3,-2.25,-3.73,-5.66,-8.06,-9.29,,,,,,,,,,,,,,,,,
,,2550,-9.32,-7.5,-6.68,-5.37,-7.4,-13,-14.21,-3.29,-2.46,-3.95,-5.74,-7.95,-9.32,,,,,,,,,,,,,,,,,
,,2560,-9.27,-7.65,-6.69,-5.3,-7.34,-12.97,-14.03,-3.37,-2.68,-4.07,-5.8,-7.75,-9.27,,,,,,,,,,,,,,,,,
,,2570,-9.47,-8.06,-6.99,-5.4,-7.38,-12.71,-14.09,-3.65,-2.88,-4.17,-5.71,-7.72,-9.47,,,,,,,,,,,,,,,,,
,,2580,-9.54,-8.23,-6.89,-5.43,-7.26,-12.78,-13.84,-3.75,-2.97,-4.19,-5.55,-7.59,-9.54,,,,,,,,,,,,,,,,,
,,2590,-9.53,-8.36,-7.16,-5.63,-7.21,-12.46,-13.4,-3.95,-3.16,-4.21,-5.56,-7.32,-9.53,,,,,,,,,,,,,,,,,
,,2600,-9.72,-8.9,-7.43,-5.89,-7.47,-12.09,-13.84,-4.37,-3.34,-4.57,-5.84,-7.38,-9.72,,,,,,,,,,,,,,,,,
,,,,,,,,,,,,,,,,,,,,,,,,,,,,,,,,
,150,Phi Angle  (?,0,30,60,90,120,150,180,210,240,270,300,330,360,,,,,,,,,,,,,,,,,
,,Frequency  (MHz),Gain  (dBi),Gain  (dBi),Gain  (dBi),Gain  (dBi),Gain  (dBi),Gain  (dBi),Gain  (dBi),Gain  (dBi),Gain  (dBi),Gain  (dBi),Gain  (dBi),Gain  (dBi),Gain  (dBi),,,,,,,,,,,,,,,,,
,,2300,-11.04,-6.25,-2.03,-1.02,-1.73,-4.91,-15.75,-12.52,-6.82,-5.15,-4.86,-6.29,-11.04,,,,,,,,,,,,,,,,,
,,2310,-10.82,-6.3,-1.99,-0.84,-1.41,-4.4,-14.97,-12.53,-6.59,-4.66,-4.43,-5.73,-10.82,,,,,,,,,,,,,,,,,
,,2320,-10.96,-6.76,-2.22,-0.89,-1.39,-4.25,-14.35,-13.01,-6.62,-4.7,-4.27,-5.67,-10.96,,,,,,,,,,,,,,,,,
,,2330,-11.1,-7.32,-2.53,-1.07,-1.54,-4.31,-14.18,-13.49,-6.77,-4.62,-4.21,-5.53,-11.1,,,,,,,,,,,,,,,,,
,,2340,-11.5,-7.98,-2.95,-1.33,-1.72,-4.4,-14.21,-14.16,-6.96,-4.54,-4.09,-5.44,-11.5,,,,,,,,,,,,,,,,,
,,2350,-11.68,-8.88,-3.65,-1.83,-2.09,-4.59,-14.13,-14.85,-7.21,-4.68,-4.09,-5.57,-11.68,,,,,,,,,,,,,,,,,
,,2360,-11.86,-9.99,-4.34,-2.38,-2.41,-4.79,-13.8,-15.19,-7.38,-4.65,-4.14,-5.48,-11.86,,,,,,,,,,,,,,,,,
,,2370,-12.27,-11.35,-5.24,-3.14,-2.94,-5.2,-13.55,-14.65,-7.63,-4.78,-4.16,-5.56,-12.27,,,,,,,,,,,,,,,,,
,,2380,-12.65,-13.39,-6.36,-3.96,-3.61,-5.76,-13.31,-13.92,-7.59,-4.9,-4.27,-5.72,-12.65,,,,,,,,,,,,,,,,,
,,2390,-13.34,-16.23,-7.76,-4.84,-4.53,-6.56,-13.57,-12.55,-7.33,-4.88,-4.26,-5.78,-13.34,,,,,,,,,,,,,,,,,
,,2400,-14.4,-19.47,-8.46,-5.6,-5.32,-7.46,-13.83,-11.04,-7.02,-4.74,-4.33,-5.96,-14.4,,,,,,,,,,,,,,,,,
,,2410,-15.14,-17.95,-8.22,-5.8,-5.71,-8.39,-14.14,-9.43,-6.24,-4.35,-4.11,-6.1,-15.14,,,,,,,,,,,,,,,,,
,,2420,-16.41,-14.71,-6.96,-4.9,-5.53,-8.96,-14.27,-7.92,-5.15,-3.78,-3.98,-6.23,-16.41,,,,,,,,,,,,,,,,,
,,2430,-18.51,-11.36,-5.38,-3.91,-4.9,-9.42,-14.11,-6.62,-4.17,-3.15,-3.65,-6.49,-18.51,,,,,,,,,,,,,,,,,
,,2440,-20.59,-9.11,-3.86,-2.75,-4.02,-9.13,-13.96,-5.55,-3.33,-2.57,-3.52,-6.74,-20.59,,,,,,,,,,,,,,,,,
,,2450,-22.39,-7.57,-2.73,-1.74,-3.24,-8.94,-14.23,-4.8,-2.56,-2.06,-3.3,-7.14,-22.39,,,,,,,,,,,,,,,,,
,,2460,-21.84,-6.36,-1.89,-0.99,-2.57,-8.58,-14.49,-4.19,-1.93,-1.63,-3.21,-7.25,-21.84,,,,,,,,,,,,,,,,,
,,2470,-20.85,-5.58,-1.21,-0.4,-2.05,-7.87,-14.45,-3.56,-1.42,-1.24,-2.99,-7.32,-20.85,,,,,,,,,,,,,,,,,
,,2480,-19.7,-5.15,-0.85,-0.14,-1.76,-7.63,-14.48,-3.45,-1.14,-1.05,-2.9,-7.59,-19.7,,,,,,,,,,,,,,,,,
,,2490,-18.43,-4.77,-0.63,0.16,-1.36,-7.1,-14.08,-3.06,-0.86,-0.86,-2.73,-7.4,-18.43,,,,,,,,,,,,,,,,,
,,2500,-17.51,-4.45,-0.45,0.33,-1.11,-6.7,-14.09,-2.95,-0.72,-0.66,-2.54,-7.33,-17.51,,,,,,,,,,,,,,,,,
,,2510,-16.24,-4.25,-0.23,0.6,-0.9,-6.37,-14.2,-2.97,-0.61,-0.64,-2.44,-7.28,-16.24,,,,,,,,,,,,,,,,,
,,2520,-15.21,-4.09,-0.19,0.56,-0.92,-6.21,-14.21,-3.11,-0.69,-0.67,-2.59,-7.49,-15.21,,,,,,,,,,,,,,,,,
,,2530,-14.71,-4.05,-0.26,0.5,-0.88,-6.18,-13.82,-3.05,-0.72,-0.73,-2.65,-7.75,-14.71,,,,,,,,,,,,,,,,,
,,2540,-14.58,-4.13,-0.35,0.35,-1.01,-6.02,-13.8,-3.23,-0.83,-0.86,-2.78,-7.98,-14.58,,,,,,,,,,,,,,,,,
,,2550,-13.85,-4.34,-0.55,0.24,-1.1,-6.06,-13.33,-3.32,-0.95,-0.95,-2.97,-8.05,-13.85,,,,,,,,,,,,,,,,,
,,2560,-13.48,-4.56,-0.72,0.11,-1.15,-5.98,-12.59,-3.35,-0.97,-1.01,-3.06,-7.76,-13.48,,,,,,,,,,,,,,,,,
,,2570,-12.96,-4.75,-0.92,-0.12,-1.2,-5.86,-12.2,-3.43,-1.04,-1.15,-3.12,-7.89,-12.96,,,,,,,,,,,,,,,,,
,,2580,-12.72,-5.02,-1.11,-0.13,-1.28,-5.6,-12.12,-3.57,-1.18,-1.24,-3.32,-7.57,-12.72,,,,,,,,,,,,,,,,,
,,2590,-12.49,-5.23,-1.34,-0.31,-1.32,-5.51,-11.8,-3.73,-1.42,-1.44,-3.41,-7.56,-12.49,,,,,,,,,,,,,,,,,
,,2600,-12.54,-5.7,-1.76,-0.73,-1.61,-5.62,-11.62,-4.29,-1.7,-1.75,-3.77,-7.7,-12.54,,,,,,,,,,,,,,,,,
,,,,,,,,,,,,,,,,,,,,,,,,,,,,,,,,
,180,Phi Angle  (?,0,30,60,90,120,150,180,210,240,270,300,330,360,,,,,,,,,,,,,,,,,
,,Frequency  (MHz),Gain  (dBi),Gain  (dBi),Gain  (dBi),Gain  (dBi),Gain  (dBi),Gain  (dBi),Gain  (dBi),Gain  (dBi),Gain  (dBi),Gain  (dBi),Gain  (dBi),Gain  (dBi),Gain  (dBi),,,,,,,,,,,,,,,,,
,,2300,-5.16,-5.16,-5.16,-5.16,-5.16,-5.16,-5.16,-5.16,-5.16,-5.16,-5.16,-5.16,-5.16,,,,,,,,,,,,,,,,,
,,2310,-4.89,-4.89,-4.89,-4.89,-4.89,-4.89,-4.89,-4.89,-4.89,-4.89,-4.89,-4.89,-4.89,,,,,,,,,,,,,,,,,
,,2320,-4.93,-4.93,-4.93,-4.93,-4.93,-4.93,-4.93,-4.93,-4.93,-4.93,-4.93,-4.93,-4.93,,,,,,,,,,,,,,,,,
,,2330,-5.06,-5.06,-5.06,-5.06,-5.06,-5.06,-5.06,-5.06,-5.06,-5.06,-5.06,-5.06,-5.06,,,,,,,,,,,,,,,,,
,,2340,-5.25,-5.25,-5.25,-5.25,-5.25,-5.25,-5.25,-5.25,-5.25,-5.25,-5.25,-5.25,-5.25,,,,,,,,,,,,,,,,,
,,2350,-5.59,-5.59,-5.59,-5.59,-5.59,-5.59,-5.59,-5.59,-5.59,-5.59,-5.59,-5.59,-5.59,,,,,,,,,,,,,,,,,
,,2360,-5.89,-5.89,-5.89,-5.89,-5.89,-5.89,-5.89,-5.89,-5.89,-5.89,-5.89,-5.89,-5.89,,,,,,,,,,,,,,,,,
,,2370,-6.32,-6.32,-6.32,-6.32,-6.32,-6.32,-6.32,-6.32,-6.32,-6.32,-6.32,-6.32,-6.32,,,,,,,,,,,,,,,,,
,,2380,-6.8,-6.8,-6.8,-6.8,-6.8,-6.8,-6.8,-6.8,-6.8,-6.8,-6.8,-6.8,-6.8,,,,,,,,,,,,,,,,,
,,2390,-7.28,-7.28,-7.28,-7.28,-7.28,-7.28,-7.28,-7.28,-7.28,-7.28,-7.28,-7.28,-7.28,,,,,,,,,,,,,,,,,
,,2400,-7.61,-7.61,-7.61,-7.61,-7.61,-7.61,-7.61,-7.61,-7.61,-7.61,-7.61,-7.61,-7.61,,,,,,,,,,,,,,,,,
,,2410,-7.53,-7.53,-7.53,-7.53,-7.53,-7.53,-7.53,-7.53,-7.53,-7.53,-7.53,-7.53,-7.53,,,,,,,,,,,,,,,,,
,,2420,-7.04,-7.04,-7.04,-7.04,-7.04,-7.04,-7.04,-7.04,-7.04,-7.04,-7.04,-7.04,-7.04,,,,,,,,,,,,,,,,,
,,2430,-6.35,-6.35,-6.35,-6.35,-6.35,-6.35,-6.35,-6.35,-6.35,-6.35,-6.35,-6.35,-6.35,,,,,,,,,,,,,,,,,
,,2440,-5.59,-5.59,-5.59,-5.59,-5.59,-5.59,-5.59,-5.59,-5.59,-5.59,-5.59,-5.59,-5.59,,,,,,,,,,,,,,,,,
,,2450,-4.91,-4.91,-4.91,-4.91,-4.91,-4.91,-4.91,-4.91,-4.91,-4.91,-4.91,-4.91,-4.91,,,,,,,,,,,,,,,,,
,,2460,-4.34,-4.34,-4.34,-4.34,-4.34,-4.34,-4.34,-4.34,-4.34,-4.34,-4.34,-4.34,-4.34,,,,,,,,,,,,,,,,,
,,2470,-3.83,-3.83,-3.83,-3.83,-3.83,-3.83,-3.83,-3.83,-3.83,-3.83,-3.83,-3.83,-3.83,,,,,,,,,,,,,,,,,
,,2480,-3.59,-3.59,-3.59,-3.59,-3.59,-3.59,-3.59,-3.59,-3.59,-3.59,-3.59,-3.59,-3.59,,,,,,,,,,,,,,,,,
,,2490,-3.3,-3.3,-3.3,-3.3,-3.3,-3.3,-3.3,-3.3,-3.3,-3.3,-3.3,-3.3,-3.3,,,,,,,,,,,,,,,,,
,,2500,-3.11,-3.11,-3.11,-3.11,-3.11,-3.11,-3.11,-3.11,-3.11,-3.11,-3.11,-3.11,-3.11,,,,,,,,,,,,,,,,,
,,2510,-2.95,-2.95,-2.95,-2.95,-2.95,-2.95,-2.95,-2.95,-2.95,-2.95,-2.95,-2.95,-2.95,,,,,,,,,,,,,,,,,
,,2520,-2.97,-2.97,-2.97,-2.97,-2.97,-2.97,-2.97,-2.97,-2.97,-2.97,-2.97,-2.97,-2.97,,,,,,,,,,,,,,,,,
,,2530,-3,-3,-3,-3,-3,-3,-3,-3,-3,-3,-3,-3,-3,,,,,,,,,,,,,,,,,
,,2540,-3.11,-3.11,-3.11,-3.11,-3.11,-3.11,-3.11,-3.11,-3.11,-3.11,-3.11,-3.11,-3.11,,,,,,,,,,,,,,,,,
,,2550,-3.22,-3.22,-3.22,-3.22,-3.22,-3.22,-3.22,-3.22,-3.22,-3.22,-3.22,-3.22,-3.22,,,,,,,,,,,,,,,,,
,,2560,-3.28,-3.28,-3.28,-3.28,-3.28,-3.28,-3.28,-3.28,-3.28,-3.28,-3.28,-3.28,-3.28,,,,,,,,,,,,,,,,,
,,2570,-3.39,-3.39,-3.39,-3.39,-3.39,-3.39,-3.39,-3.39,-3.39,-3.39,-3.39,-3.39,-3.39,,,,,,,,,,,,,,,,,
,,2580,-3.47,-3.47,-3.47,-3.47,-3.47,-3.47,-3.47,-3.47,-3.47,-3.47,-3.47,-3.47,-3.47,,,,,,,,,,,,,,,,,
,,2590,-3.61,-3.61,-3.61,-3.61,-3.61,-3.61,-3.61,-3.61,-3.61,-3.61,-3.61,-3.61,-3.61,,,,,,,,,,,,,,,,,
,,2600,-3.95,-3.95,-3.95,-3.95,-3.95,-3.95,-3.95,-3.95,-3.95,-3.95,-3.95,-3.95,-3.95,,,,,,,,,,,,,,,,,
,,,,,,,,,,,,,,,,,,,,,,,,,,,,,,,,
Phi,Theta Angle  (?,,,,,,,,,,,,,,,,,,,,,,,,,,,,,,,
,0,Phi Angle  (?,0,30,60,90,120,150,180,210,240,270,300,330,360,,,,,,,,,,,,,,,,,
,,Frequency  (MHz),Gain  (dBi),Gain  (dBi),Gain  (dBi),Gain  (dBi),Gain  (dBi),Gain  (dBi),Gain  (dBi),Gain  (dBi),Gain  (dBi),Gain  (dBi),Gain  (dBi),Gain  (dBi),Gain  (dBi),,,,,,,,,,,,,,,,,
,,2300,-7.6,-5.75,-6.44,-10.19,-24.52,-13.71,-7.6,-5.75,-6.44,-10.19,-24.52,-13.71,-7.6,,,,,,,,,,,,,,,,,
,,2310,-7.75,-5.71,-6.24,-9.73,-22.21,-14.34,-7.75,-5.71,-6.24,-9.73,-22.21,-14.34,-7.75,,,,,,,,,,,,,,,,,
,,2320,-7.81,-5.69,-6.15,-9.52,-21.32,-14.64,-7.81,-5.69,-6.15,-9.52,-21.32,-14.64,-7.81,,,,,,,,,,,,,,,,,
,,2330,-7.85,-5.69,-6.12,-9.45,-20.97,-14.79,-7.85,-5.69,-6.12,-9.45,-20.97,-14.79,-7.85,,,,,,,,,,,,,,,,,
,,2340,-7.84,-5.65,-6.05,-9.34,-20.66,-14.86,-7.84,-5.65,-6.05,-9.34,-20.66,-14.86,-7.84,,,,,,,,,,,,,,,,,
,,2350,-8.03,-5.78,-6.14,-9.36,-20.34,-15.21,-8.03,-5.78,-6.14,-9.36,-20.34,-15.21,-8.03,,,,,,,,,,,,,,,,,
,,2360,-8.4,-5.91,-6.07,-9,-18.62,-16.38,-8.4,-5.91,-6.07,-9,-18.62,-16.38,-8.4,,,,,,,,,,,,,,,,,
,,2370,-8.72,-6.03,-6.03,-8.75,-17.52,-17.42,-8.72,-6.03,-6.03,-8.75,-17.52,-17.42,-8.72,,,,,,,,,,,,,,,,,
,,2380,-9.14,-6.21,-6.06,-8.56,-16.54,-18.75,-9.14,-6.21,-6.06,-8.56,-16.54,-18.75,-9.14,,,,,,,,,,,,,,,,,
,,2390,-9.78,-6.39,-5.91,-8.02,-14.8,-21.7,-9.78,-6.39,-5.91,-8.02,-14.8,-21.7,-9.78,,,,,,,,,,,,,,,,,
,,2400,-10.13,-6.5,-5.88,-7.82,-14.14,-23.55,-10.13,-6.5,-5.88,-7.82,-14.14,-23.55,-10.13,,,,,,,,,,,,,,,,,
,,2410,-10.52,-6.53,-5.71,-7.4,-13.13,-26.99,-10.52,-6.53,-5.71,-7.4,-13.13,-26.99,-10.52,,,,,,,,,,,,,,,,,
,,2420,-10.05,-6.12,-5.32,-7.04,-12.85,-26.04,-10.05,-6.12,-5.32,-7.04,-12.85,-26.04,-10.05,,,,,,,,,,,,,,,,,
,,2430,-9.26,-5.66,-5.06,-7.01,-13.37,-22.51,-9.26,-5.66,-5.06,-7.01,-13.37,-22.51,-9.26,,,,,,,,,,,,,,,,,
,,2440,-8.31,-5.06,-4.69,-6.91,-14.03,-19.41,-8.31,-5.06,-4.69,-6.91,-14.03,-19.41,-8.31,,,,,,,,,,,,,,,,,
,,2450,-7.68,-4.8,-4.67,-7.22,-15.35,-17.08,-7.68,-4.8,-4.67,-7.22,-15.35,-17.08,-7.68,,,,,,,,,,,,,,,,,
,,2460,-7.13,-4.63,-4.79,-7.72,-17.34,-15.1,-7.13,-4.63,-4.79,-7.72,-17.34,-15.1,-7.13,,,,,,,,,,,,,,,,,
,,2470,-6.63,-4.46,-4.87,-8.19,-19.63,-13.6,-6.63,-4.46,-4.87,-8.19,-19.63,-13.6,-6.63,,,,,,,,,,,,,,,,,
,,2480,-6.45,-4.62,-5.32,-9.08,-23.53,-12.53,-6.45,-4.62,-5.32,-9.08,-23.53,-12.53,-6.45,,,,,,,,,,,,,,,,,
,,2490,-6.08,-4.53,-5.49,-9.72,-29.27,-11.47,-6.08,-4.53,-5.49,-9.72,-29.27,-11.47,-6.08,,,,,,,,,,,,,,,,,
,,2500,-6.09,-4.74,-5.89,-10.47,-38.78,-11.06,-6.09,-4.74,-5.89,-10.47,-38.78,-11.06,-6.09,,,,,,,,,,,,,,,,,
,,2510,-5.98,-4.76,-6.04,-10.88,-44.76,-10.69,-5.98,-4.76,-6.04,-10.88,-44.76,-10.69,-5.98,,,,,,,,,,,,,,,,,
,,2520,-5.9,-4.78,-6.16,-11.2,-36.62,-10.43,-5.9,-4.78,-6.16,-11.2,-36.62,-10.43,-5.9,,,,,,,,,,,,,,,,,
,,2530,-5.88,-4.85,-6.33,-11.56,-31.94,-10.23,-5.88,-4.85,-6.33,-11.56,-31.94,-10.23,-5.88,,,,,,,,,,,,,,,,,
,,2540,-5.64,-4.73,-6.33,-11.85,-28,-9.78,-5.64,-4.73,-6.33,-11.85,-28,-9.78,-5.64,,,,,,,,,,,,,,,,,
,,2550,-5.48,-4.58,-6.2,-11.77,-27.4,-9.58,-5.48,-4.58,-6.2,-11.77,-27.4,-9.58,-5.48,,,,,,,,,,,,,,,,,
,,2560,-5.14,-4.34,-6.07,-11.88,-25.04,-9.08,-5.14,-4.34,-6.07,-11.88,-25.04,-9.08,-5.14,,,,,,,,,,,,,,,,,
,,2570,-4.97,-4.25,-6.07,-12.11,-23.43,-8.76,-4.97,-4.25,-6.07,-12.11,-23.43,-8.76,-4.97,,,,,,,,,,,,,,,,,
,,2580,-4.87,-4.25,-6.17,-12.48,-22,-8.51,-4.87,-4.25,-6.17,-12.48,-22,-8.51,-4.87,,,,,,,,,,,,,,,,,
,,2590,-4.73,-4.18,-6.2,-12.74,-20.89,-8.24,-4.73,-4.18,-6.2,-12.74,-20.89,-8.24,-4.73,,,,,,,,,,,,,,,,,
,,2600,-4.71,-4.26,-6.39,-13.24,-19.83,-8.08,-4.71,-4.26,-6.39,-13.24,-19.83,-8.08,-4.71,,,,,,,,,,,,,,,,,
,,,,,,,,,,,,,,,,,,,,,,,,,,,,,,,,
,30,Phi Angle  (?,0,30,60,90,120,150,180,210,240,270,300,330,360,,,,,,,,,,,,,,,,,
,,Frequency  (MHz),Gain  (dBi),Gain  (dBi),Gain  (dBi),Gain  (dBi),Gain  (dBi),Gain  (dBi),Gain  (dBi),Gain  (dBi),Gain  (dBi),Gain  (dBi),Gain  (dBi),Gain  (dBi),Gain  (dBi),,,,,,,,,,,,,,,,,
,,2300,-5.22,-4.18,-5.92,-11.83,-14.21,-6.19,-3.76,-4.2,-5.91,-10.47,-19.8,-10.29,-5.22,,,,,,,,,,,,,,,,,
,,2310,-5.35,-4.28,-5.73,-11.1,-13.94,-6.33,-3.68,-4.01,-5.61,-10.02,-19.15,-10.15,-5.35,,,,,,,,,,,,,,,,,
,,2320,-5.72,-4.54,-5.85,-10.39,-13.7,-6.59,-3.89,-3.98,-5.64,-10.12,-18.63,-10.31,-5.72,,,,,,,,,,,,,,,,,
,,2330,-6.02,-4.86,-5.71,-9.56,-13.2,-6.84,-4.18,-4.17,-5.65,-9.89,-18.11,-10.76,-6.02,,,,,,,,,,,,,,,,,
,,2340,-6.32,-5.12,-5.75,-9.05,-12.36,-7.37,-4.54,-4.43,-5.74,-9.67,-17.51,-11.1,-6.32,,,,,,,,,,,,,,,,,
,,2350,-6.75,-5.47,-6.07,-8.85,-11.7,-7.62,-4.94,-4.79,-5.91,-9.34,-15.81,-11.28,-6.75,,,,,,,,,,,,,,,,,
,,2360,-7.18,-5.92,-6.18,-8.57,-11.11,-8,-5.36,-5.15,-6.11,-8.93,-14.32,-11.36,-7.18,,,,,,,,,,,,,,,,,
,,2370,-7.64,-6.44,-6.68,-8.63,-10.71,-8.29,-5.92,-5.72,-6.35,-8.61,-12.77,-11.37,-7.64,,,,,,,,,,,,,,,,,
,,2380,-8.4,-7.2,-7.17,-8.6,-10.24,-8.71,-6.66,-6.3,-6.7,-8.25,-11.46,-11.32,-8.4,,,,,,,,,,,,,,,,,
,,2390,-9.15,-8.2,-7.81,-8.82,-9.95,-8.81,-7.43,-7.01,-7.09,-7.99,-10.58,-11.03,-9.15,,,,,,,,,,,,,,,,,
,,2400,-10.15,-9.43,-8.72,-8.84,-9.28,-8.88,-8.09,-7.95,-7.61,-7.58,-9.1,-9.98,-10.15,,,,,,,,,,,,,,,,,
,,2410,-10.76,-11.01,-9.89,-9.02,-8.82,-8.55,-8.44,-8.81,-7.85,-7.16,-7.86,-8.93,-10.76,,,,,,,,,,,,,,,,,
,,2420,-10.49,-12.87,-11.35,-9.56,-8.4,-8.06,-8.39,-9.58,-8.28,-6.64,-6.43,-7.53,-10.49,,,,,,,,,,,,,,,,,
,,2430,-9.5,-13.98,-13.59,-10.2,-7.88,-7.12,-7.96,-10.03,-8.88,-6.26,-5.29,-6.04,-9.5,,,,,,,,,,,,,,,,,
,,2440,-8.39,-13.64,-16.68,-10.87,-7.79,-6.38,-7.1,-9.76,-9.47,-6.14,-4.48,-5,-8.39,,,,,,,,,,,,,,,,,
,,2450,-7.31,-12.62,-20.8,-12.01,-7.66,-5.8,-6.19,-9.46,-10.37,-6.28,-4.21,-4.44,-7.31,,,,,,,,,,,,,,,,,
,,2460,-6.89,-11.75,-23.84,-13.16,-7.64,-5.27,-5.51,-9,-11.82,-6.61,-4.12,-4.14,-6.89,,,,,,,,,,,,,,,,,
,,2470,-6.78,-11.21,-24,-14.28,-7.8,-5.08,-5.13,-8.23,-12.87,-7.42,-4.35,-4.29,-6.78,,,,,,,,,,,,,,,,,
,,2480,-6.95,-10.82,-22.49,-15.28,-8.21,-5.17,-4.91,-8.03,-13.72,-8.19,-4.77,-4.62,-6.95,,,,,,,,,,,,,,,,,
,,2490,-6.99,-10.72,-21.35,-16.66,-8.49,-5.3,-4.9,-7.77,-14.72,-8.93,-5.08,-4.72,-6.99,,,,,,,,,,,,,,,,,
,,2500,-7.33,-10.69,-20.43,-18.08,-9.07,-5.51,-5.04,-7.66,-15.28,-9.59,-5.43,-5.08,-7.33,,,,,,,,,,,,,,,,,
,,2510,-7.38,-10.72,-19.68,-18.95,-9.45,-5.84,-5.15,-7.77,-15.57,-9.99,-5.66,-5.23,-7.38,,,,,,,,,,,,,,,,,
,,2520,-7.6,-10.64,-18.68,-20.48,-10,-6.24,-5.41,-7.94,-16.09,-10.64,-5.89,-5.33,-7.6,,,,,,,,,,,,,,,,,
,,2530,-7.48,-10.6,-17.91,-22.09,-10.6,-6.55,-5.75,-8.42,-17.17,-11.02,-6.05,-5.52,-7.48,,,,,,,,,,,,,,,,,
,,2540,-7.42,-10.39,-17.38,-24.21,-11.09,-6.77,-6.14,-8.71,-18.09,-11.23,-6.12,-5.48,-7.42,,,,,,,,,,,,,,,,,
,,2550,-7.25,-10.18,-16.46,-24.19,-11.34,-7.06,-6.36,-9.12,-18.88,-11.24,-6.1,-5.36,-7.25,,,,,,,,,,,,,,,,,
,,2560,-7.14,-9.74,-15.71,-26.91,-11.44,-7.04,-6.46,-9.48,-21.08,-11.15,-5.91,-5.13,-7.14,,,,,,,,,,,,,,,,,
,,2570,-6.88,-9.3,-15.24,-29.35,-11.59,-7.26,-6.55,-9.7,-22.52,-11.07,-5.89,-5.09,-6.88,,,,,,,,,,,,,,,,,
,,2580,-6.55,-9.08,-15.16,-31.42,-11.83,-7.22,-6.53,-9.86,-24.76,-11.22,-5.9,-5.03,-6.55,,,,,,,,,,,,,,,,,
,,2590,-6.4,-9.03,-14.3,-33.36,-11.67,-7.21,-6.51,-10.06,-26.75,-11.25,-6.12,-5.02,-6.4,,,,,,,,,,,,,,,,,
,,2600,-6.38,-8.76,-13.94,-29.77,-12.08,-7.11,-6.58,-10.22,-29.82,-11.57,-6.22,-5.08,-6.38,,,,,,,,,,,,,,,,,
,,,,,,,,,,,,,,,,,,,,,,,,,,,,,,,,
,60,Phi Angle  (?,0,30,60,90,120,150,180,210,240,270,300,330,360,,,,,,,,,,,,,,,,,
,,Frequency  (MHz),Gain  (dBi),Gain  (dBi),Gain  (dBi),Gain  (dBi),Gain  (dBi),Gain  (dBi),Gain  (dBi),Gain  (dBi),Gain  (dBi),Gain  (dBi),Gain  (dBi),Gain  (dBi),Gain  (dBi),,,,,,,,,,,,,,,,,
,,2300,-4.13,-4.12,-5.51,-10.6,-14.48,-5.41,-3.61,-3.76,-6.08,-20.48,-9.82,-5.86,-4.13,,,,,,,,,,,,,,,,,
,,2310,-4.08,-4.01,-5.29,-10.14,-15.08,-5.52,-3.51,-3.64,-5.97,-19.37,-10.19,-6,-4.08,,,,,,,,,,,,,,,,,
,,2320,-4.4,-4.23,-5.36,-9.95,-15.39,-5.79,-3.63,-3.63,-5.87,-18.74,-10.92,-6.53,-4.4,,,,,,,,,,,,,,,,,
,,2330,-4.63,-4.44,-5.49,-9.91,-15.82,-6.08,-3.71,-3.63,-5.83,-17.75,-11.98,-7.01,-4.63,,,,,,,,,,,,,,,,,
,,2340,-5.03,-4.65,-5.62,-9.82,-15.21,-6.32,-3.95,-3.63,-5.78,-16.79,-13.53,-7.81,-5.03,,,,,,,,,,,,,,,,,
,,2350,-5.59,-5.01,-5.92,-9.44,-14.94,-6.8,-4.26,-3.78,-5.73,-15.93,-15.51,-8.68,-5.59,,,,,,,,,,,,,,,,,
,,2360,-6.12,-5.54,-6.22,-9.63,-13.76,-7.05,-4.5,-3.98,-5.84,-14.79,-17.88,-9.52,-6.12,,,,,,,,,,,,,,,,,
,,2370,-6.77,-6.24,-6.74,-9.5,-12.8,-7.49,-5.02,-4.28,-5.83,-13.71,-20.57,-10.59,-6.77,,,,,,,,,,,,,,,,,
,,2380,-7.6,-7.14,-7.63,-9.65,-11.83,-7.63,-5.4,-4.53,-5.8,-13.29,-23.7,-11.83,-7.6,,,,,,,,,,,,,,,,,
,,2390,-8.8,-8.31,-8.57,-10.02,-11.21,-7.97,-5.94,-4.86,-5.9,-12.8,-24.06,-12.86,-8.8,,,,,,,,,,,,,,,,,
,,2400,-10.17,-9.87,-9.75,-10.4,-10.65,-8.4,-6.73,-5.41,-6.32,-12.5,-20.94,-14.05,-10.17,,,,,,,,,,,,,,,,,
,,2410,-11.9,-11.58,-11.12,-10.88,-10.58,-8.95,-7.52,-6.13,-6.63,-12.42,-17.76,-14.61,-11.9,,,,,,,,,,,,,,,,,
,,2420,-13.07,-13.69,-12.68,-11.4,-10.35,-9.28,-8.48,-7.04,-7.49,-12.41,-14.96,-14.05,-13.07,,,,,,,,,,,,,,,,,
,,2430,-13.48,-15.22,-14.22,-11.7,-10.08,-8.97,-9.31,-8.2,-8.24,-12.22,-12.54,-12.54,-13.48,,,,,,,,,,,,,,,,,
,,2440,-12.68,-15.45,-15.48,-12.16,-9.6,-8.32,-9.15,-9.11,-8.91,-11.91,-10.39,-10.51,-12.68,,,,,,,,,,,,,,,,,
,,2450,-11.05,-14.24,-16.23,-12.54,-9.03,-7.42,-8.53,-9.75,-9.81,-11.52,-8.67,-8.85,-11.05,,,,,,,,,,,,,,,,,
,,2460,-9.63,-12.92,-16.34,-13.14,-8.65,-6.65,-7.58,-10.13,-10.49,-11.31,-7.48,-7.36,-9.63,,,,,,,,,,,,,,,,,
,,2470,-8.72,-11.83,-15.95,-14.34,-8.44,-6.1,-6.89,-10.16,-11.01,-11.02,-6.75,-6.54,-8.72,,,,,,,,,,,,,,,,,
,,2480,-8.18,-10.93,-15.46,-15.4,-8.71,-5.92,-6.35,-10.07,-11.37,-10.92,-6.34,-5.95,-8.18,,,,,,,,,,,,,,,,,
,,2490,-7.81,-10.49,-15.42,-16.7,-8.88,-5.61,-5.91,-9.73,-11.37,-10.81,-5.87,-5.55,-7.81,,,,,,,,,,,,,,,,,
,,2500,-7.82,-10.69,-15.17,-17.89,-9.1,-5.7,-5.72,-9.64,-11.71,-10.99,-5.81,-5.34,-7.82,,,,,,,,,,,,,,,,,
,,2510,-7.73,-10.48,-15.07,-19.26,-9.13,-5.49,-5.59,-9.65,-12.24,-10.96,-5.66,-5.22,-7.73,,,,,,,,,,,,,,,,,
,,2520,-7.88,-10.2,-14.89,-19.56,-9.18,-5.31,-5.29,-9.65,-12.54,-11.33,-5.71,-5.31,-7.88,,,,,,,,,,,,,,,,,
,,2530,-7.92,-10.42,-14.61,-21.53,-9.2,-5.33,-5.21,-9.58,-12.9,-11.59,-5.84,-5.43,-7.92,,,,,,,,,,,,,,,,,
,,2540,-8.03,-10.39,-14.35,-23.17,-9.36,-5.35,-5.27,-9.69,-13.81,-12.02,-6.17,-5.47,-8.03,,,,,,,,,,,,,,,,,
,,2550,-8.45,-10.38,-14.25,-24.14,-9.43,-5.4,-5.15,-9.67,-14.68,-12.95,-6.46,-5.87,-8.45,,,,,,,,,,,,,,,,,
,,2560,-8.59,-10.47,-14.31,-24.94,-9.67,-5.5,-5.07,-9.76,-15.53,-13.45,-6.82,-6,-8.59,,,,,,,,,,,,,,,,,
,,2570,-8.83,-10.91,-14.28,-25.74,-9.94,-5.78,-5.15,-9.94,-16.28,-14.02,-7.27,-6.43,-8.83,,,,,,,,,,,,,,,,,
,,2580,-9.45,-11.23,-14.56,-27.28,-10.34,-5.91,-5.28,-9.86,-16.83,-14.79,-7.75,-6.77,-9.45,,,,,,,,,,,,,,,,,
,,2590,-9.91,-11.68,-14.59,-27.23,-10.88,-6.44,-5.65,-10.08,-17.58,-15.25,-8.11,-7.31,-9.91,,,,,,,,,,,,,,,,,
,,2600,-10.39,-11.99,-14.96,-29.55,-11.23,-6.63,-5.89,-10.66,-18.06,-15.59,-8.52,-7.78,-10.39,,,,,,,,,,,,,,,,,
,,,,,,,,,,,,,,,,,,,,,,,,,,,,,,,,
,90,Phi Angle  (?,0,30,60,90,120,150,180,210,240,270,300,330,360,,,,,,,,,,,,,,,,,
,,Frequency  (MHz),Gain  (dBi),Gain  (dBi),Gain  (dBi),Gain  (dBi),Gain  (dBi),Gain  (dBi),Gain  (dBi),Gain  (dBi),Gain  (dBi),Gain  (dBi),Gain  (dBi),Gain  (dBi),Gain  (dBi),,,,,,,,,,,,,,,,,
,,2300,-4.23,-3.94,-5.11,-11.76,-21.7,-5.95,-2.66,-2.82,-5.07,-15.09,-5.88,-4.43,-4.23,,,,,,,,,,,,,,,,,
,,2310,-4.07,-3.87,-5.1,-11.54,-24.29,-6.12,-2.75,-2.73,-5.21,-15.21,-5.95,-4.44,-4.07,,,,,,,,,,,,,,,,,
,,2320,-4.11,-3.85,-5.14,-11.44,-25.62,-6.29,-2.85,-2.73,-5.18,-15.75,-6.21,-4.55,-4.11,,,,,,,,,,,,,,,,,
,,2330,-4.16,-3.88,-5.22,-11.36,-26.15,-6.52,-2.84,-2.75,-5.18,-15.68,-6.58,-4.64,-4.16,,,,,,,,,,,,,,,,,
,,2340,-4.16,-3.93,-5.35,-11.34,-25.56,-6.5,-2.9,-2.64,-5.05,-15.86,-7.06,-4.77,-4.16,,,,,,,,,,,,,,,,,
,,2350,-4.33,-4.16,-5.59,-11.46,-24,-6.75,-3.05,-2.63,-4.97,-15.78,-7.34,-4.95,-4.33,,,,,,,,,,,,,,,,,
,,2360,-4.44,-4.37,-5.85,-11.43,-22.84,-7.02,-3.2,-2.64,-4.83,-15.71,-7.7,-5.01,-4.44,,,,,,,,,,,,,,,,,
,,2370,-4.76,-4.69,-6.17,-11.47,-21.62,-7.42,-3.53,-2.68,-4.74,-15.25,-8.34,-5.28,-4.76,,,,,,,,,,,,,,,,,
,,2380,-5.09,-5.23,-6.6,-11.86,-19.73,-7.81,-3.9,-2.82,-4.71,-14.89,-8.84,-5.59,-5.09,,,,,,,,,,,,,,,,,
,,2390,-5.62,-5.88,-7.13,-11.88,-18.02,-8.22,-4.36,-3.11,-4.91,-15.19,-9.78,-5.99,-5.62,,,,,,,,,,,,,,,,,
,,2400,-6.29,-6.81,-7.84,-12.1,-16.02,-8.73,-5.02,-3.57,-5.17,-15.9,-10.43,-6.43,-6.29,,,,,,,,,,,,,,,,,
,,2410,-7.09,-7.76,-8.76,-12.23,-15,-8.89,-5.67,-4.13,-5.63,-17.12,-10.61,-6.67,-7.09,,,,,,,,,,,,,,,,,
,,2420,-7.9,-8.94,-9.65,-12.79,-14.66,-8.8,-6.22,-4.58,-6.11,-18.92,-10.34,-7,-7.9,,,,,,,,,,,,,,,,,
,,2430,-8.73,-10.1,-10.48,-14,-14.8,-8.8,-6.61,-4.84,-6.51,-20.84,-9.87,-7.18,-8.73,,,,,,,,,,,,,,,,,
,,2440,-9.87,-11.3,-11.35,-15.15,-15.7,-8.95,-6.86,-5.07,-6.77,-21.69,-9.27,-7.23,-9.87,,,,,,,,,,,,,,,,,
,,2450,-10.98,-12.22,-12.42,-17.39,-16.78,-9.16,-6.87,-5.16,-6.87,-21.95,-8.7,-7.47,-10.98,,,,,,,,,,,,,,,,,
,,2460,-11.97,-12.47,-12.85,-19.23,-18.68,-9.11,-6.87,-5.24,-6.88,-20.53,-8.05,-7.54,-11.97,,,,,,,,,,,,,,,,,
,,2470,-12.89,-12.44,-13.04,-21.06,-19.8,-9.37,-7.04,-5.29,-6.92,-19.5,-7.59,-7.51,-12.89,,,,,,,,,,,,,,,,,
,,2480,-13.59,-12.19,-13.29,-21.16,-21.65,-9.84,-7.32,-5.68,-7.23,-19.02,-7.47,-7.8,-13.59,,,,,,,,,,,,,,,,,
,,2490,-13.94,-11.81,-13.3,-20.74,-22.36,-10.05,-7.31,-5.87,-7.57,-19.12,-7.26,-7.92,-13.94,,,,,,,,,,,,,,,,,
,,2500,-14.23,-11.52,-12.85,-21.01,-24.03,-10.38,-7.59,-6.33,-8.03,-19.51,-7.32,-8.23,-14.23,,,,,,,,,,,,,,,,,
,,2510,-14.18,-11.42,-12.72,-20.72,-24.56,-10.7,-7.62,-6.77,-8.47,-19.41,-7.31,-8.41,-14.18,,,,,,,,,,,,,,,,,
,,2520,-14.1,-11.08,-12.51,-20.82,-24.3,-10.68,-7.87,-7.27,-9.13,-19.69,-7.38,-8.6,-14.1,,,,,,,,,,,,,,,,,
,,2530,-14.24,-10.92,-12.36,-20.38,-25.64,-11.1,-7.7,-7.68,-9.68,-20.05,-7.58,-8.82,-14.24,,,,,,,,,,,,,,,,,
,,2540,-13.75,-10.66,-12.26,-20.51,-25.73,-11.23,-7.86,-8.21,-10.44,-20.69,-7.6,-9.09,-13.75,,,,,,,,,,,,,,,,,
,,2550,-13.48,-10.52,-12.17,-20.07,-27.01,-11.28,-7.9,-8.8,-11.15,-20.18,-7.67,-9.04,-13.48,,,,,,,,,,,,,,,,,
,,2560,-13.01,-10.45,-12.08,-19.43,-26.45,-11.31,-7.75,-9.47,-12.01,-20.52,-7.57,-9.19,-13.01,,,,,,,,,,,,,,,,,
,,2570,-12.86,-10.22,-11.87,-19.17,-25.68,-11.47,-7.82,-10.01,-12.78,-19.38,-7.64,-9.02,-12.86,,,,,,,,,,,,,,,,,
,,2580,-12.25,-9.94,-11.5,-18.62,-24.56,-11.3,-7.62,-10.63,-13.81,-18.31,-7.5,-8.78,-12.25,,,,,,,,,,,,,,,,,
,,2590,-11.87,-9.81,-11.54,-18.03,-25.37,-11.21,-7.67,-11.06,-14.84,-17.23,-7.54,-8.62,-11.87,,,,,,,,,,,,,,,,,
,,2600,-11.33,-9.6,-11.43,-18.24,-24.81,-11.27,-7.67,-11.2,-15.55,-16.59,-7.53,-8.6,-11.33,,,,,,,,,,,,,,,,,
,,,,,,,,,,,,,,,,,,,,,,,,,,,,,,,,
,120,Phi Angle  (?,0,30,60,90,120,150,180,210,240,270,300,330,360,,,,,,,,,,,,,,,,,
,,Frequency  (MHz),Gain  (dBi),Gain  (dBi),Gain  (dBi),Gain  (dBi),Gain  (dBi),Gain  (dBi),Gain  (dBi),Gain  (dBi),Gain  (dBi),Gain  (dBi),Gain  (dBi),Gain  (dBi),Gain  (dBi),,,,,,,,,,,,,,,,,
,,2300,-1.77,-2.21,-5.9,-12.71,-15.13,-4.95,-3.23,-4.46,-7.85,-11.34,-4.46,-4.1,-1.77,,,,,,,,,,,,,,,,,
,,2310,-1.68,-2.25,-5.7,-12.09,-15.75,-4.96,-3.11,-4.12,-7.53,-11.66,-4.7,-4.08,-1.68,,,,,,,,,,,,,,,,,
,,2320,-1.89,-2.5,-6.01,-12.1,-15.32,-5.18,-3.17,-3.94,-7.46,-12.32,-5.01,-4.37,-1.89,,,,,,,,,,,,,,,,,
,,2330,-2.15,-2.84,-6.28,-12.34,-15.09,-5.26,-3.24,-4.05,-7.37,-12.49,-5.26,-4.57,-2.15,,,,,,,,,,,,,,,,,
,,2340,-2.36,-3.17,-6.47,-12.39,-14.58,-5.39,-3.4,-4.08,-7.38,-12.3,-5.53,-4.87,-2.36,,,,,,,,,,,,,,,,,
,,2350,-2.64,-3.48,-6.74,-12.24,-14.53,-5.71,-3.57,-4.19,-7.33,-12.2,-5.76,-5.12,-2.64,,,,,,,,,,,,,,,,,
,,2360,-3.01,-3.79,-6.8,-11.91,-13.83,-6.08,-3.87,-4.3,-7.37,-11.61,-6.03,-5.34,-3.01,,,,,,,,,,,,,,,,,
,,2370,-3.24,-4.03,-6.93,-11.02,-13.23,-6.35,-4.16,-4.4,-7.25,-11.63,-6.22,-5.4,-3.24,,,,,,,,,,,,,,,,,
,,2380,-3.51,-4.33,-7.12,-10.46,-12.14,-6.71,-4.41,-4.56,-7.11,-11.74,-6.55,-5.58,-3.51,,,,,,,,,,,,,,,,,
,,2390,-3.88,-4.83,-7.32,-10.09,-10.89,-6.71,-4.81,-4.75,-7.1,-12.32,-6.83,-5.63,-3.88,,,,,,,,,,,,,,,,,
,,2400,-4.41,-5.32,-7.6,-9.99,-9.86,-6.54,-5.14,-4.92,-7.29,-13.47,-7.42,-5.86,-4.41,,,,,,,,,,,,,,,,,
,,2410,-4.98,-5.92,-8.4,-10.31,-9.33,-6.34,-5.32,-5.07,-7.41,-15.28,-7.83,-6.04,-4.98,,,,,,,,,,,,,,,,,
,,2420,-5.63,-6.64,-9.35,-11.13,-8.85,-5.8,-5.25,-5.16,-7.67,-18.01,-8.17,-6.35,-5.63,,,,,,,,,,,,,,,,,
,,2430,-6.08,-7.14,-10.31,-12.36,-8.55,-5.31,-5.05,-4.87,-7.53,-20.62,-8.23,-6.54,-6.08,,,,,,,,,,,,,,,,,
,,2440,-6.44,-7.44,-11.48,-14.09,-8.45,-4.66,-4.56,-4.65,-7.47,-24.77,-7.9,-6.7,-6.44,,,,,,,,,,,,,,,,,
,,2450,-6.61,-7.6,-12.32,-16.21,-8.17,-4.24,-4.21,-4.41,-7.32,-30.9,-7.71,-6.88,-6.61,,,,,,,,,,,,,,,,,
,,2460,-6.57,-7.87,-12.7,-19.13,-7.94,-3.77,-3.86,-4.18,-7.24,-30.44,-7.47,-6.94,-6.57,,,,,,,,,,,,,,,,,
,,2470,-6.7,-7.8,-13.26,-22.47,-8.03,-3.53,-3.64,-4.18,-7.33,-27.49,-7.32,-7.32,-6.7,,,,,,,,,,,,,,,,,
,,2480,-7.11,-8.07,-13.59,-24.07,-8.08,-3.54,-3.6,-4.46,-7.91,-24.68,-7.3,-7.71,-7.11,,,,,,,,,,,,,,,,,
,,2490,-7.06,-8.26,-13.28,-28.3,-8.14,-3.53,-3.76,-4.67,-8.32,-23.07,-7.13,-7.69,-7.06,,,,,,,,,,,,,,,,,
,,2500,-7.19,-8.26,-13.59,-31.39,-8.54,-3.79,-3.87,-5.1,-8.8,-20.71,-7,-7.9,-7.19,,,,,,,,,,,,,,,,,
,,2510,-7.06,-8.09,-12.9,-42.7,-9.16,-4.13,-4.24,-5.45,-9.28,-19.1,-6.78,-7.83,-7.06,,,,,,,,,,,,,,,,,
,,2520,-6.89,-8.03,-12.43,-38.99,-9.85,-4.49,-4.48,-5.85,-9.64,-17.36,-6.75,-7.87,-6.89,,,,,,,,,,,,,,,,,
,,2530,-6.74,-7.83,-11.86,-30.32,-10.69,-4.95,-4.75,-6.17,-10.3,-17.12,-6.54,-7.67,-6.74,,,,,,,,,,,,,,,,,
,,2540,-6.54,-7.76,-11.31,-25.49,-11.39,-5.25,-4.86,-6.41,-10.63,-16.41,-6.41,-7.58,-6.54,,,,,,,,,,,,,,,,,
,,2550,-6.46,-7.56,-11.12,-23.21,-12.1,-5.47,-4.95,-6.57,-10.77,-16.36,-6.41,-7.33,-6.46,,,,,,,,,,,,,,,,,
,,2560,-6.31,-7.44,-10.73,-21.28,-12.49,-5.7,-4.86,-6.49,-11.08,-16.05,-6.24,-7.33,-6.31,,,,,,,,,,,,,,,,,
,,2570,-6.35,-7.38,-10.41,-20.57,-13.05,-5.85,-5.03,-6.58,-11.22,-16.2,-6.6,-7.45,-6.35,,,,,,,,,,,,,,,,,
,,2580,-6.26,-7.6,-10.39,-19.36,-13.37,-5.99,-4.95,-6.54,-11.42,-16.21,-6.53,-7.4,-6.26,,,,,,,,,,,,,,,,,
,,2590,-6.54,-7.61,-10.27,-18.08,-13.73,-6.18,-5.1,-6.63,-11.66,-16.47,-6.81,-7.65,-6.54,,,,,,,,,,,,,,,,,
,,2600,-6.75,-7.86,-10.22,-17.73,-14.14,-6.43,-5.26,-6.62,-11.66,-16.65,-7.2,-7.82,-6.75,,,,,,,,,,,,,,,,,
,,,,,,,,,,,,,,,,,,,,,,,,,,,,,,,,
,150,Phi Angle  (?,0,30,60,90,120,150,180,210,240,270,300,330,360,,,,,,,,,,,,,,,,,
,,Frequency  (MHz),Gain  (dBi),Gain  (dBi),Gain  (dBi),Gain  (dBi),Gain  (dBi),Gain  (dBi),Gain  (dBi),Gain  (dBi),Gain  (dBi),Gain  (dBi),Gain  (dBi),Gain  (dBi),Gain  (dBi),,,,,,,,,,,,,,,,,
,,2300,-3.6,-2.8,-6.32,-19.98,-10.32,-4.4,-3.18,-5.42,-9.22,-11.86,-11.19,-9.33,-3.6,,,,,,,,,,,,,,,,,
,,2310,-3.48,-2.46,-5.88,-18.21,-10.76,-4.38,-3.12,-5.19,-9.03,-11.7,-10.76,-9.01,-3.48,,,,,,,,,,,,,,,,,
,,2320,-3.4,-2.51,-5.72,-17.37,-11.23,-4.6,-3.12,-5.11,-8.98,-11.62,-10.55,-8.83,-3.4,,,,,,,,,,,,,,,,,
,,2330,-3.29,-2.41,-5.56,-16.41,-11.94,-4.88,-3.28,-5.08,-8.64,-11.29,-10.34,-8.63,-3.29,,,,,,,,,,,,,,,,,
,,2340,-3.22,-2.36,-5.44,-15.35,-12.96,-5.17,-3.31,-4.96,-8.23,-11.1,-10.47,-8.49,-3.22,,,,,,,,,,,,,,,,,
,,2350,-3.34,-2.5,-5.52,-14.74,-13.75,-5.57,-3.45,-4.86,-7.83,-10.99,-10.69,-8.54,-3.34,,,,,,,,,,,,,,,,,
,,2360,-3.58,-2.64,-5.55,-14.56,-14.5,-5.97,-3.53,-4.69,-7.53,-11.18,-11.39,-8.72,-3.58,,,,,,,,,,,,,,,,,
,,2370,-3.93,-3.01,-5.85,-14.24,-15.03,-6.23,-3.68,-4.59,-7.15,-10.99,-11.81,-9.28,-3.93,,,,,,,,,,,,,,,,,
,,2380,-4.54,-3.41,-6.28,-14.28,-15.11,-6.53,-3.87,-4.59,-7.08,-11.09,-13,-9.9,-4.54,,,,,,,,,,,,,,,,,
,,2390,-5.27,-4.11,-6.84,-14.18,-14.09,-6.74,-4.03,-4.77,-7.09,-11.23,-14.07,-11.07,-5.27,,,,,,,,,,,,,,,,,
,,2400,-6.06,-4.77,-7.59,-14.04,-12.54,-6.37,-4.17,-5,-7.31,-11.73,-15.18,-12.21,-6.06,,,,,,,,,,,,,,,,,
,,2410,-6.6,-5.36,-8.16,-13.68,-10.69,-5.64,-4.09,-5.26,-7.49,-12.11,-17.12,-13.43,-6.6,,,,,,,,,,,,,,,,,
,,2420,-6.78,-5.58,-8.64,-13.1,-8.98,-4.96,-3.82,-5.44,-7.78,-12.7,-19.51,-13.95,-6.78,,,,,,,,,,,,,,,,,
,,2430,-6.32,-5.31,-8.73,-12.89,-7.61,-3.8,-3.12,-5.25,-8,-13.86,-21.91,-13.23,-6.32,,,,,,,,,,,,,,,,,
,,2440,-5.31,-4.7,-8.56,-13.05,-6.59,-2.88,-2.42,-4.9,-8.38,-15.14,-21.88,-11.47,-5.31,,,,,,,,,,,,,,,,,
,,2450,-4.46,-4.06,-8.49,-13.4,-5.92,-2.26,-1.92,-4.72,-8.74,-17.38,-18.52,-9.93,-4.46,,,,,,,,,,,,,,,,,
,,2460,-3.56,-3.5,-8.26,-14.48,-5.57,-1.74,-1.37,-4.41,-8.93,-20.33,-15.18,-8.37,-3.56,,,,,,,,,,,,,,,,,
,,2470,-3.02,-2.98,-8.21,-16.05,-5.48,-1.45,-1.1,-4.2,-9.49,-25.14,-12.99,-7.28,-3.02,,,,,,,,,,,,,,,,,
,,2480,-2.73,-2.82,-8.14,-18.44,-5.67,-1.46,-1.04,-4.17,-10.01,-29.17,-11.95,-6.67,-2.73,,,,,,,,,,,,,,,,,
,,2490,-2.49,-2.59,-8.01,-20.53,-5.69,-1.3,-0.9,-4.15,-10.21,-36.84,-10.94,-6.29,-2.49,,,,,,,,,,,,,,,,,
,,2500,-2.49,-2.61,-8.01,-23.31,-5.7,-1.34,-0.85,-3.98,-10.27,-37.35,-10.62,-6.25,-2.49,,,,,,,,,,,,,,,,,
,,2510,-2.49,-2.6,-8.01,-23.05,-5.65,-1.27,-0.78,-3.83,-10.33,-37.8,-10.33,-6.05,-2.49,,,,,,,,,,,,,,,,,
,,2520,-2.58,-2.65,-8.22,-22.7,-5.79,-1.28,-0.68,-3.83,-10.17,-29.36,-10.25,-6.2,-2.58,,,,,,,,,,,,,,,,,
,,2530,-2.81,-2.87,-8.26,-22.11,-5.71,-1.31,-0.68,-3.71,-10.09,-25.11,-9.95,-6.38,-2.81,,,,,,,,,,,,,,,,,
,,2540,-2.94,-2.99,-8.28,-22.2,-5.87,-1.33,-0.7,-3.71,-10.17,-21.5,-9.95,-6.44,-2.94,,,,,,,,,,,,,,,,,
,,2550,-3.1,-3.06,-8.25,-23.91,-6.09,-1.51,-0.81,-3.76,-10.35,-20.11,-9.64,-6.37,-3.1,,,,,,,,,,,,,,,,,
,,2560,-2.95,-2.99,-8.05,-24.75,-6.48,-1.66,-0.89,-3.84,-10.12,-17.94,-8.97,-6.21,-2.95,,,,,,,,,,,,,,,,,
,,2570,-2.86,-3.02,-8.01,-24.41,-6.92,-1.94,-1.04,-3.98,-10.56,-17.01,-8.53,-5.98,-2.86,,,,,,,,,,,,,,,,,
,,2580,-2.75,-2.87,-7.68,-22.79,-7.32,-2.05,-1.21,-4.12,-11.07,-16.14,-8.22,-5.75,-2.75,,,,,,,,,,,,,,,,,
,,2590,-2.79,-2.81,-7.48,-20.71,-7.8,-2.31,-1.34,-4.23,-11.08,-15.55,-7.9,-5.66,-2.79,,,,,,,,,,,,,,,,,
,,2600,-2.94,-2.95,-7.39,-18.49,-8.3,-2.7,-1.6,-4.52,-11.11,-14.97,-8.04,-5.67,-2.94,,,,,,,,,,,,,,,,,
,,,,,,,,,,,,,,,,,,,,,,,,,,,,,,,,
,180,Phi Angle  (?,0,30,60,90,120,150,180,210,240,270,300,330,360,,,,,,,,,,,,,,,,,
,,Frequency  (MHz),Gain  (dBi),Gain  (dBi),Gain  (dBi),Gain  (dBi),Gain  (dBi),Gain  (dBi),Gain  (dBi),Gain  (dBi),Gain  (dBi),Gain  (dBi),Gain  (dBi),Gain  (dBi),Gain  (dBi),,,,,,,,,,,,,,,,,
,,2300,-6.03,-6.03,-6.03,-6.03,-6.03,-6.03,-6.03,-6.03,-6.03,-6.03,-6.03,-6.03,-6.03,,,,,,,,,,,,,,,,,
,,2310,-5.85,-5.85,-5.85,-5.85,-5.85,-5.85,-5.85,-5.85,-5.85,-5.85,-5.85,-5.85,-5.85,,,,,,,,,,,,,,,,,
,,2320,-5.83,-5.83,-5.83,-5.83,-5.83,-5.83,-5.83,-5.83,-5.83,-5.83,-5.83,-5.83,-5.83,,,,,,,,,,,,,,,,,
,,2330,-5.79,-5.79,-5.79,-5.79,-5.79,-5.79,-5.79,-5.79,-5.79,-5.79,-5.79,-5.79,-5.79,,,,,,,,,,,,,,,,,
,,2340,-5.76,-5.76,-5.76,-5.76,-5.76,-5.76,-5.76,-5.76,-5.76,-5.76,-5.76,-5.76,-5.76,,,,,,,,,,,,,,,,,
,,2350,-5.86,-5.86,-5.86,-5.86,-5.86,-5.86,-5.86,-5.86,-5.86,-5.86,-5.86,-5.86,-5.86,,,,,,,,,,,,,,,,,
,,2360,-6,-6,-6,-6,-6,-6,-6,-6,-6,-6,-6,-6,-6,,,,,,,,,,,,,,,,,
,,2370,-6.21,-6.21,-6.21,-6.21,-6.21,-6.21,-6.21,-6.21,-6.21,-6.21,-6.21,-6.21,-6.21,,,,,,,,,,,,,,,,,
,,2380,-6.56,-6.56,-6.56,-6.56,-6.56,-6.56,-6.56,-6.56,-6.56,-6.56,-6.56,-6.56,-6.56,,,,,,,,,,,,,,,,,
,,2390,-7,-7,-7,-7,-7,-7,-7,-7,-7,-7,-7,-7,-7,,,,,,,,,,,,,,,,,
,,2400,-7.39,-7.39,-7.39,-7.39,-7.39,-7.39,-7.39,-7.39,-7.39,-7.39,-7.39,-7.39,-7.39,,,,,,,,,,,,,,,,,
,,2410,-7.57,-7.57,-7.57,-7.57,-7.57,-7.57,-7.57,-7.57,-7.57,-7.57,-7.57,-7.57,-7.57,,,,,,,,,,,,,,,,,
,,2420,-7.52,-7.52,-7.52,-7.52,-7.52,-7.52,-7.52,-7.52,-7.52,-7.52,-7.52,-7.52,-7.52,,,,,,,,,,,,,,,,,
,,2430,-7.03,-7.03,-7.03,-7.03,-7.03,-7.03,-7.03,-7.03,-7.03,-7.03,-7.03,-7.03,-7.03,,,,,,,,,,,,,,,,,
,,2440,-6.37,-6.37,-6.37,-6.37,-6.37,-6.37,-6.37,-6.37,-6.37,-6.37,-6.37,-6.37,-6.37,,,,,,,,,,,,,,,,,
,,2450,-5.83,-5.83,-5.83,-5.83,-5.83,-5.83,-5.83,-5.83,-5.83,-5.83,-5.83,-5.83,-5.83,,,,,,,,,,,,,,,,,
,,2460,-5.27,-5.27,-5.27,-5.27,-5.27,-5.27,-5.27,-5.27,-5.27,-5.27,-5.27,-5.27,-5.27,,,,,,,,,,,,,,,,,
,,2470,-4.92,-4.92,-4.92,-4.92,-4.92,-4.92,-4.92,-4.92,-4.92,-4.92,-4.92,-4.92,-4.92,,,,,,,,,,,,,,,,,
,,2480,-4.81,-4.81,-4.81,-4.81,-4.81,-4.81,-4.81,-4.81,-4.81,-4.81,-4.81,-4.81,-4.81,,,,,,,,,,,,,,,,,
,,2490,-4.64,-4.64,-4.64,-4.64,-4.64,-4.64,-4.64,-4.64,-4.64,-4.64,-4.64,-4.64,-4.64,,,,,,,,,,,,,,,,,
,,2500,-4.63,-4.63,-4.63,-4.63,-4.63,-4.63,-4.63,-4.63,-4.63,-4.63,-4.63,-4.63,-4.63,,,,,,,,,,,,,,,,,
,,2510,-4.57,-4.57,-4.57,-4.57,-4.57,-4.57,-4.57,-4.57,-4.57,-4.57,-4.57,-4.57,-4.57,,,,,,,,,,,,,,,,,
,,2520,-4.59,-4.59,-4.59,-4.59,-4.59,-4.59,-4.59,-4.59,-4.59,-4.59,-4.59,-4.59,-4.59,,,,,,,,,,,,,,,,,
,,2530,-4.66,-4.66,-4.66,-4.66,-4.66,-4.66,-4.66,-4.66,-4.66,-4.66,-4.66,-4.66,-4.66,,,,,,,,,,,,,,,,,
,,2540,-4.73,-4.73,-4.73,-4.73,-4.73,-4.73,-4.73,-4.73,-4.73,-4.73,-4.73,-4.73,-4.73,,,,,,,,,,,,,,,,,
,,2550,-4.83,-4.83,-4.83,-4.83,-4.83,-4.83,-4.83,-4.83,-4.83,-4.83,-4.83,-4.83,-4.83,,,,,,,,,,,,,,,,,
,,2560,-4.81,-4.81,-4.81,-4.81,-4.81,-4.81,-4.81,-4.81,-4.81,-4.81,-4.81,-4.81,-4.81,,,,,,,,,,,,,,,,,
,,2570,-4.88,-4.88,-4.88,-4.88,-4.88,-4.88,-4.88,-4.88,-4.88,-4.88,-4.88,-4.88,-4.88,,,,,,,,,,,,,,,,,
,,2580,-4.88,-4.88,-4.88,-4.88,-4.88,-4.88,-4.88,-4.88,-4.88,-4.88,-4.88,-4.88,-4.88,,,,,,,,,,,,,,,,,
,,2590,-4.94,-4.94,-4.94,-4.94,-4.94,-4.94,-4.94,-4.94,-4.94,-4.94,-4.94,-4.94,-4.94,,,,,,,,,,,,,,,,,
,,2600,-5.13,-5.13,-5.13,-5.13,-5.13,-5.13,-5.13,-5.13,-5.13,-5.13,-5.13,-5.13,-5.13,,,,,,,,,,,,,,,,,
,,,,,,,,,,,,,,,,,,,,,,,,,,,,,,,,
Total,Theta Angle  (?,,,,,,,,,,,,,,,,,,,,,,,,,,,,,,,
,0,Phi Angle  (?,0,30,60,90,120,150,180,210,240,270,300,330,360,,,,,,,,,,,,,,,,,
,,Frequency  (MHz),Gain  (dBi),Gain  (dBi),Gain  (dBi),Gain  (dBi),Gain  (dBi),Gain  (dBi),Gain  (dBi),Gain  (dBi),Gain  (dBi),Gain  (dBi),Gain  (dBi),Gain  (dBi),Gain  (dBi),,,,,,,,,,,,,,,,,
,,2300,-5.69,-5.69,-5.69,-5.69,-5.69,-5.69,-5.69,-5.69,-5.69,-5.69,-5.69,-5.69,-5.69,,,,,,,,,,,,,,,,,
,,2310,-5.62,-5.62,-5.62,-5.62,-5.62,-5.62,-5.62,-5.62,-5.62,-5.62,-5.62,-5.62,-5.62,,,,,,,,,,,,,,,,,
,,2320,-5.57,-5.57,-5.57,-5.57,-5.57,-5.57,-5.57,-5.57,-5.57,-5.57,-5.57,-5.57,-5.57,,,,,,,,,,,,,,,,,
,,2330,-5.57,-5.57,-5.57,-5.57,-5.57,-5.57,-5.57,-5.57,-5.57,-5.57,-5.57,-5.57,-5.57,,,,,,,,,,,,,,,,,
,,2340,-5.51,-5.51,-5.51,-5.51,-5.51,-5.51,-5.51,-5.51,-5.51,-5.51,-5.51,-5.51,-5.51,,,,,,,,,,,,,,,,,
,,2350,-5.63,-5.63,-5.63,-5.63,-5.63,-5.63,-5.63,-5.63,-5.63,-5.63,-5.63,-5.63,-5.63,,,,,,,,,,,,,,,,,
,,2360,-5.68,-5.68,-5.68,-5.68,-5.68,-5.68,-5.68,-5.68,-5.68,-5.68,-5.68,-5.68,-5.68,,,,,,,,,,,,,,,,,
,,2370,-5.73,-5.73,-5.73,-5.73,-5.73,-5.73,-5.73,-5.73,-5.73,-5.73,-5.73,-5.73,-5.73,,,,,,,,,,,,,,,,,
,,2380,-5.83,-5.83,-5.83,-5.83,-5.83,-5.83,-5.83,-5.83,-5.83,-5.83,-5.83,-5.83,-5.83,,,,,,,,,,,,,,,,,
,,2390,-5.8,-5.8,-5.8,-5.8,-5.8,-5.8,-5.8,-5.8,-5.8,-5.8,-5.8,-5.8,-5.8,,,,,,,,,,,,,,,,,
,,2400,-5.81,-5.81,-5.81,-5.81,-5.81,-5.81,-5.81,-5.81,-5.81,-5.81,-5.81,-5.81,-5.81,,,,,,,,,,,,,,,,,
,,2410,-5.68,-5.68,-5.68,-5.68,-5.68,-5.68,-5.68,-5.68,-5.68,-5.68,-5.68,-5.68,-5.68,,,,,,,,,,,,,,,,,
,,2420,-5.28,-5.28,-5.28,-5.28,-5.28,-5.28,-5.28,-5.28,-5.28,-5.28,-5.28,-5.28,-5.28,,,,,,,,,,,,,,,,,
,,2430,-4.98,-4.98,-4.98,-4.98,-4.98,-4.98,-4.98,-4.98,-4.98,-4.98,-4.98,-4.98,-4.98,,,,,,,,,,,,,,,,,
,,2440,-4.54,-4.54,-4.54,-4.54,-4.54,-4.54,-4.54,-4.54,-4.54,-4.54,-4.54,-4.54,-4.54,,,,,,,,,,,,,,,,,
,,2450,-4.43,-4.43,-4.43,-4.43,-4.43,-4.43,-4.43,-4.43,-4.43,-4.43,-4.43,-4.43,-4.43,,,,,,,,,,,,,,,,,
,,2460,-4.41,-4.41,-4.41,-4.41,-4.41,-4.41,-4.41,-4.41,-4.41,-4.41,-4.41,-4.41,-4.41,,,,,,,,,,,,,,,,,
,,2470,-4.33,-4.33,-4.33,-4.33,-4.33,-4.33,-4.33,-4.33,-4.33,-4.33,-4.33,-4.33,-4.33,,,,,,,,,,,,,,,,,
,,2480,-4.56,-4.56,-4.56,-4.56,-4.56,-4.56,-4.56,-4.56,-4.56,-4.56,-4.56,-4.56,-4.56,,,,,,,,,,,,,,,,,
,,2490,-4.52,-4.52,-4.52,-4.52,-4.52,-4.52,-4.52,-4.52,-4.52,-4.52,-4.52,-4.52,-4.52,,,,,,,,,,,,,,,,,
,,2500,-4.74,-4.74,-4.74,-4.74,-4.74,-4.74,-4.74,-4.74,-4.74,-4.74,-4.74,-4.74,-4.74,,,,,,,,,,,,,,,,,
,,2510,-4.76,-4.76,-4.76,-4.76,-4.76,-4.76,-4.76,-4.76,-4.76,-4.76,-4.76,-4.76,-4.76,,,,,,,,,,,,,,,,,
,,2520,-4.78,-4.78,-4.78,-4.78,-4.78,-4.78,-4.78,-4.78,-4.78,-4.78,-4.78,-4.78,-4.78,,,,,,,,,,,,,,,,,
,,2530,-4.84,-4.84,-4.84,-4.84,-4.84,-4.84,-4.84,-4.84,-4.84,-4.84,-4.84,-4.84,-4.84,,,,,,,,,,,,,,,,,
,,2540,-4.71,-4.71,-4.71,-4.71,-4.71,-4.71,-4.71,-4.71,-4.71,-4.71,-4.71,-4.71,-4.71,,,,,,,,,,,,,,,,,
,,2550,-4.56,-4.56,-4.56,-4.56,-4.56,-4.56,-4.56,-4.56,-4.56,-4.56,-4.56,-4.56,-4.56,,,,,,,,,,,,,,,,,
,,2560,-4.31,-4.31,-4.31,-4.31,-4.31,-4.31,-4.31,-4.31,-4.31,-4.31,-4.31,-4.31,-4.31,,,,,,,,,,,,,,,,,
,,2570,-4.2,-4.2,-4.2,-4.2,-4.2,-4.2,-4.2,-4.2,-4.2,-4.2,-4.2,-4.2,-4.2,,,,,,,,,,,,,,,,,
,,2580,-4.18,-4.18,-4.18,-4.18,-4.18,-4.18,-4.18,-4.18,-4.18,-4.18,-4.18,-4.18,-4.18,,,,,,,,,,,,,,,,,
,,2590,-4.09,-4.09,-4.09,-4.09,-4.09,-4.09,-4.09,-4.09,-4.09,-4.09,-4.09,-4.09,-4.09,,,,,,,,,,,,,,,,,
,,2600,-4.14,-4.14,-4.14,-4.14,-4.14,-4.14,-4.14,-4.14,-4.14,-4.14,-4.14,-4.14,-4.14,,,,,,,,,,,,,,,,,
,,,,,,,,,,,,,,,,,,,,,,,,,,,,,,,,
,30,Phi Angle  (?,0,30,60,90,120,150,180,210,240,270,300,330,360,,,,,,,,,,,,,,,,,
,,Frequency  (MHz),Gain  (dBi),Gain  (dBi),Gain  (dBi),Gain  (dBi),Gain  (dBi),Gain  (dBi),Gain  (dBi),Gain  (dBi),Gain  (dBi),Gain  (dBi),Gain  (dBi),Gain  (dBi),Gain  (dBi),,,,,,,,,,,,,,,,,
,,2300,-2.94,-2.6,-3.25,-4.23,-4.33,-3.5,-3.39,-4.02,-3.93,-3.85,-3.78,-3.5,-2.94,,,,,,,,,,,,,,,,,
,,2310,-2.84,-2.63,-3.14,-3.99,-4.06,-3.45,-3.28,-3.81,-3.66,-3.56,-3.61,-3.24,-2.84,,,,,,,,,,,,,,,,,
,,2320,-2.95,-2.8,-3.28,-3.97,-4.27,-3.68,-3.44,-3.8,-3.68,-3.57,-3.61,-3.22,-2.95,,,,,,,,,,,,,,,,,
,,2330,-2.86,-2.95,-3.36,-3.97,-4.4,-3.83,-3.66,-3.98,-3.7,-3.51,-3.49,-3.12,-2.86,,,,,,,,,,,,,,,,,
,,2340,-2.67,-2.92,-3.54,-4.32,-4.66,-4.25,-3.97,-4.28,-3.88,-3.55,-3.42,-3.08,-2.67,,,,,,,,,,,,,,,,,
,,2350,-2.57,-2.92,-3.82,-4.7,-5.15,-4.59,-4.32,-4.68,-4.27,-3.77,-3.47,-2.97,-2.57,,,,,,,,,,,,,,,,,
,,2360,-2.35,-2.8,-3.89,-5,-5.55,-5.05,-4.71,-5.08,-4.67,-3.98,-3.43,-2.81,-2.35,,,,,,,,,,,,,,,,,
,,2370,-2.16,-2.69,-4.05,-5.46,-6.06,-5.53,-5.21,-5.69,-5.21,-4.35,-3.53,-2.75,-2.16,,,,,,,,,,,,,,,,,
,,2380,-2.12,-2.61,-4.11,-5.67,-6.44,-6.25,-5.93,-6.3,-5.84,-4.63,-3.76,-2.81,-2.12,,,,,,,,,,,,,,,,,
,,2390,-2.1,-2.64,-4.03,-5.82,-6.91,-6.68,-6.67,-6.98,-6.44,-5.12,-3.94,-2.76,-2.1,,,,,,,,,,,,,,,,,
,,2400,-2.16,-2.6,-4.08,-5.78,-6.96,-7.31,-7.42,-7.84,-7.2,-5.53,-4.2,-2.86,-2.16,,,,,,,,,,,,,,,,,
,,2410,-2.21,-2.69,-4.01,-5.67,-6.84,-7.46,-7.83,-8.47,-7.5,-5.75,-4.19,-2.88,-2.21,,,,,,,,,,,,,,,,,
,,2420,-2.08,-2.7,-4,-5.6,-6.63,-7.26,-7.87,-8.69,-7.67,-5.67,-3.93,-2.73,-2.08,,,,,,,,,,,,,,,,,
,,2430,-2.05,-2.67,-4.09,-5.55,-6.17,-6.67,-7.53,-8.51,-7.61,-5.44,-3.65,-2.43,-2.05,,,,,,,,,,,,,,,,,
,,2440,-1.94,-2.61,-4.03,-5.42,-5.95,-6.08,-6.73,-7.66,-7.13,-5.23,-3.29,-2.21,-1.94,,,,,,,,,,,,,,,,,
,,2450,-1.89,-2.68,-4.15,-5.41,-5.72,-5.57,-5.9,-6.84,-6.78,-5.06,-3.3,-2.22,-1.89,,,,,,,,,,,,,,,,,
,,2460,-2.03,-2.82,-4.28,-5.47,-5.56,-5.08,-5.25,-6.18,-6.35,-4.92,-3.39,-2.33,-2.03,,,,,,,,,,,,,,,,,
,,2470,-2.39,-3.12,-4.55,-5.5,-5.46,-4.81,-4.89,-5.52,-5.92,-5.03,-3.63,-2.71,-2.39,,,,,,,,,,,,,,,,,
,,2480,-2.91,-3.54,-4.97,-5.69,-5.58,-4.87,-4.7,-5.24,-5.76,-5.15,-4.03,-3.24,-2.91,,,,,,,,,,,,,,,,,
,,2490,-3.42,-3.93,-5.19,-5.87,-5.54,-4.91,-4.67,-5.05,-5.56,-5.12,-4.27,-3.59,-3.42,,,,,,,,,,,,,,,,,
,,2500,-3.89,-4.48,-5.4,-6.11,-5.75,-5.07,-4.82,-4.96,-5.48,-5.29,-4.53,-4.01,-3.89,,,,,,,,,,,,,,,,,
,,2510,-4.29,-4.88,-5.73,-6.31,-5.87,-5.33,-4.93,-5.05,-5.47,-5.32,-4.73,-4.34,-4.29,,,,,,,,,,,,,,,,,
,,2520,-4.77,-5.17,-6.03,-6.55,-6.15,-5.69,-5.18,-5.1,-5.58,-5.49,-4.92,-4.57,-4.77,,,,,,,,,,,,,,,,,
,,2530,-4.95,-5.46,-6.11,-6.63,-6.36,-5.94,-5.47,-5.35,-5.75,-5.74,-5.12,-4.86,-4.95,,,,,,,,,,,,,,,,,
,,2540,-5.11,-5.59,-6.22,-6.73,-6.52,-6.09,-5.82,-5.52,-5.94,-5.9,-5.2,-4.92,-5.11,,,,,,,,,,,,,,,,,
,,2550,-5.18,-5.71,-6.37,-6.79,-6.45,-6.27,-6.01,-5.81,-6.07,-5.93,-5.24,-4.93,-5.18,,,,,,,,,,,,,,,,,
,,2560,-5.28,-5.75,-6.46,-6.78,-6.39,-6.11,-6.09,-5.97,-6.23,-5.94,-5.13,-4.78,-5.28,,,,,,,,,,,,,,,,,
,,2570,-5.23,-5.7,-6.6,-6.76,-6.05,-6.14,-6.18,-6.36,-6.54,-6.09,-5.14,-4.82,-5.23,,,,,,,,,,,,,,,,,
,,2580,-5.04,-5.7,-6.61,-6.64,-5.98,-6,-6.17,-6.58,-6.74,-6.2,-5.13,-4.78,-5.04,,,,,,,,,,,,,,,,,
,,2590,-5.02,-5.83,-6.6,-6.82,-6.02,-5.84,-6.15,-6.81,-7.05,-6.3,-5.36,-4.8,-5.02,,,,,,,,,,,,,,,,,
,,2600,-5.14,-5.84,-6.71,-6.95,-6.21,-5.8,-6.28,-7.3,-7.65,-6.68,-5.46,-4.86,-5.14,,,,,,,,,,,,,,,,,
,,,,,,,,,,,,,,,,,,,,,,,,,,,,,,,,
,60,Phi Angle  (?,0,30,60,90,120,150,180,210,240,270,300,330,360,,,,,,,,,,,,,,,,,
,,Frequency  (MHz),Gain  (dBi),Gain  (dBi),Gain  (dBi),Gain  (dBi),Gain  (dBi),Gain  (dBi),Gain  (dBi),Gain  (dBi),Gain  (dBi),Gain  (dBi),Gain  (dBi),Gain  (dBi),Gain  (dBi),,,,,,,,,,,,,,,,,
,,2300,-1.39,-1.38,-0.96,-1.79,-3.26,-2.58,-2.46,-3.27,-4.84,-7.72,-5.19,-2.62,-1.39,,,,,,,,,,,,,,,,,
,,2310,-1.22,-1.27,-0.8,-1.61,-3.17,-2.62,-2.43,-3.18,-4.61,-7.21,-4.92,-2.5,-1.22,,,,,,,,,,,,,,,,,
,,2320,-1.43,-1.52,-1.09,-1.79,-3.36,-2.84,-2.57,-3.15,-4.44,-6.81,-4.87,-2.53,-1.43,,,,,,,,,,,,,,,,,
,,2330,-1.61,-1.75,-1.32,-2.07,-3.61,-3.03,-2.62,-3.09,-4.22,-6.44,-4.96,-2.69,-1.61,,,,,,,,,,,,,,,,,
,,2340,-1.87,-2.05,-1.67,-2.4,-3.98,-3.2,-2.74,-3.04,-4.1,-6.11,-5.07,-2.84,-1.87,,,,,,,,,,,,,,,,,
,,2350,-2.2,-2.36,-2.1,-2.85,-4.38,-3.55,-2.92,-3.14,-4.06,-6.02,-5.29,-3.1,-2.2,,,,,,,,,,,,,,,,,
,,2360,-2.3,-2.6,-2.44,-3.26,-4.51,-3.63,-3.02,-3.27,-4.22,-6.05,-5.43,-3.21,-2.3,,,,,,,,,,,,,,,,,
,,2370,-2.53,-2.93,-2.86,-3.66,-4.84,-3.94,-3.28,-3.54,-4.31,-6.21,-5.6,-3.43,-2.53,,,,,,,,,,,,,,,,,
,,2380,-2.71,-3.31,-3.39,-4.11,-5.03,-4.12,-3.46,-3.71,-4.44,-6.51,-5.65,-3.55,-2.71,,,,,,,,,,,,,,,,,
,,2390,-2.89,-3.71,-3.83,-4.68,-5.25,-4.43,-3.79,-3.97,-4.7,-6.79,-5.83,-3.56,-2.89,,,,,,,,,,,,,,,,,
,,2400,-3.09,-4.23,-4.59,-5.25,-5.73,-4.8,-4.33,-4.45,-5.35,-7.28,-6.03,-3.67,-3.09,,,,,,,,,,,,,,,,,
,,2410,-3.31,-4.62,-5.27,-6.03,-6.18,-5.36,-4.85,-5.07,-5.79,-7.63,-6.04,-3.68,-3.31,,,,,,,,,,,,,,,,,
,,2420,-3.35,-5.11,-5.89,-6.6,-6.54,-5.71,-5.48,-5.83,-6.75,-8.17,-5.96,-3.68,-3.35,,,,,,,,,,,,,,,,,
,,2430,-3.46,-5.63,-6.31,-7.13,-6.86,-5.92,-6.1,-6.78,-7.67,-8.61,-5.77,-3.67,-3.46,,,,,,,,,,,,,,,,,
,,2440,-3.43,-5.73,-6.46,-7.35,-6.73,-5.85,-6.3,-7.51,-8.47,-8.81,-5.43,-3.46,-3.43,,,,,,,,,,,,,,,,,
,,2450,-3.48,-5.69,-6.17,-7.29,-6.51,-5.57,-6.24,-8.16,-9.45,-8.97,-5.01,-3.27,-3.48,,,,,,,,,,,,,,,,,
,,2460,-3.44,-5.55,-5.86,-7,-6.3,-5.24,-5.92,-8.51,-10.26,-9.24,-4.77,-3.11,-3.44,,,,,,,,,,,,,,,,,
,,2470,-3.43,-5.36,-5.47,-6.93,-6.08,-4.94,-5.68,-8.69,-10.8,-9.37,-4.6,-3,-3.43,,,,,,,,,,,,,,,,,
,,2480,-3.62,-5.16,-5.13,-6.81,-6.22,-4.98,-5.43,-8.82,-11.29,-9.59,-4.57,-3.02,-3.62,,,,,,,,,,,,,,,,,
,,2490,-3.64,-4.93,-4.94,-6.78,-6.22,-4.77,-5.29,-8.75,-11.34,-9.78,-4.45,-3.04,-3.64,,,,,,,,,,,,,,,,,
,,2500,-3.78,-4.91,-4.82,-6.59,-6.37,-5,-5.27,-8.77,-11.68,-10.09,-4.54,-3.07,-3.78,,,,,,,,,,,,,,,,,
,,2510,-3.88,-4.86,-4.85,-6.84,-6.48,-4.92,-5.27,-8.89,-12.24,-10.31,-4.57,-3.1,-3.88,,,,,,,,,,,,,,,,,
,,2520,-4.22,-4.83,-4.91,-7.01,-6.62,-4.81,-5.12,-8.96,-12.5,-10.76,-4.73,-3.31,-4.22,,,,,,,,,,,,,,,,,
,,2530,-4.39,-5.08,-4.95,-7.45,-6.76,-4.92,-5.09,-8.98,-12.82,-11.08,-4.89,-3.46,-4.39,,,,,,,,,,,,,,,,,
,,2540,-4.52,-5.07,-5.05,-7.59,-6.96,-4.97,-5.21,-9.11,-13.65,-11.54,-5.16,-3.52,-4.52,,,,,,,,,,,,,,,,,
,,2550,-4.74,-5.04,-5.18,-7.97,-7.14,-5.04,-5.13,-9.08,-14.43,-12.49,-5.48,-3.8,-4.74,,,,,,,,,,,,,,,,,
,,2560,-4.82,-5.08,-5.18,-8.11,-7.4,-5.17,-5.06,-9.19,-15.17,-13.06,-5.76,-3.86,-4.82,,,,,,,,,,,,,,,,,
,,2570,-4.96,-5.17,-5.12,-8.22,-7.51,-5.4,-5.14,-9.26,-15.53,-13.68,-6.1,-4.14,-4.96,,,,,,,,,,,,,,,,,
,,2580,-5.3,-5.33,-5.19,-8.25,-7.7,-5.42,-5.24,-9.14,-15.64,-14.56,-6.55,-4.47,-5.3,,,,,,,,,,,,,,,,,
,,2590,-5.54,-5.54,-5.28,-8.26,-7.9,-5.86,-5.56,-9.23,-15.58,-15.16,-6.96,-4.92,-5.54,,,,,,,,,,,,,,,,,
,,2600,-6.05,-5.94,-5.78,-8.6,-8.02,-5.92,-5.72,-9.54,-15.32,-15.49,-7.47,-5.4,-6.05,,,,,,,,,,,,,,,,,
,,,,,,,,,,,,,,,,,,,,,,,,,,,,,,,,
,90,Phi Angle  (?,0,30,60,90,120,150,180,210,240,270,300,330,360,,,,,,,,,,,,,,,,,
,,Frequency  (MHz),Gain  (dBi),Gain  (dBi),Gain  (dBi),Gain  (dBi),Gain  (dBi),Gain  (dBi),Gain  (dBi),Gain  (dBi),Gain  (dBi),Gain  (dBi),Gain  (dBi),Gain  (dBi),Gain  (dBi),,,,,,,,,,,,,,,,,
,,2300,-1.6,-1.23,-1.65,-3.17,-3.32,-1.87,-0.77,-2.64,-4.95,-14.23,-5.78,-4.1,-1.6,,,,,,,,,,,,,,,,,
,,2310,-1.36,-1.13,-1.63,-3.16,-3.4,-1.9,-0.69,-2.48,-4.97,-13.82,-5.78,-4.03,-1.36,,,,,,,,,,,,,,,,,
,,2320,-1.38,-1.1,-1.74,-3.3,-3.64,-1.99,-0.73,-2.39,-4.81,-13.78,-5.92,-4.06,-1.38,,,,,,,,,,,,,,,,,
,,2330,-1.34,-1.11,-1.86,-3.5,-3.91,-2.16,-0.68,-2.33,-4.67,-13.1,-6.14,-4.08,-1.34,,,,,,,,,,,,,,,,,
,,2340,-1.28,-1.14,-2.02,-3.79,-4.16,-2.21,-0.68,-2.14,-4.49,-12.74,-6.43,-4.08,-1.28,,,,,,,,,,,,,,,,,
,,2350,-1.38,-1.34,-2.31,-4.2,-4.49,-2.49,-0.76,-2.02,-4.26,-12.17,-6.49,-4.09,-1.38,,,,,,,,,,,,,,,,,
,,2360,-1.43,-1.5,-2.58,-4.5,-4.86,-2.6,-0.78,-1.88,-4.02,-11.52,-6.47,-4.03,-1.43,,,,,,,,,,,,,,,,,
,,2370,-1.6,-1.74,-3.01,-4.86,-5.29,-2.77,-0.87,-1.75,-3.75,-10.96,-6.76,-4.11,-1.6,,,,,,,,,,,,,,,,,
,,2380,-1.8,-2.15,-3.46,-5.4,-5.61,-2.99,-0.98,-1.67,-3.56,-10.41,-6.75,-4.22,-1.8,,,,,,,,,,,,,,,,,
,,2390,-2.12,-2.64,-4.08,-6.11,-6.24,-3.23,-1.13,-1.68,-3.52,-10,-7.04,-4.42,-2.12,,,,,,,,,,,,,,,,,
,,2400,-2.5,-3.23,-4.71,-6.81,-6.91,-3.66,-1.45,-1.74,-3.49,-9.93,-7.04,-4.55,-2.5,,,,,,,,,,,,,,,,,
,,2410,-2.93,-3.82,-5.51,-7.43,-7.64,-4.11,-1.78,-1.83,-3.54,-9.7,-6.84,-4.68,-2.93,,,,,,,,,,,,,,,,,
,,2420,-3.25,-4.27,-6.12,-8.08,-8.67,-4.6,-2.15,-1.82,-3.6,-9.56,-6.33,-4.74,-3.25,,,,,,,,,,,,,,,,,
,,2430,-3.46,-4.61,-6.28,-8.37,-9.42,-5.16,-2.54,-1.75,-3.56,-9.26,-5.77,-4.72,-3.46,,,,,,,,,,,,,,,,,
,,2440,-3.49,-4.76,-6.41,-8.13,-9.9,-5.85,-2.93,-1.71,-3.51,-9.07,-5.16,-4.61,-3.49,,,,,,,,,,,,,,,,,
,,2450,-3.52,-4.82,-6.15,-7.66,-9.93,-6.58,-3.31,-1.7,-3.44,-8.97,-4.72,-4.65,-3.52,,,,,,,,,,,,,,,,,
,,2460,-3.64,-4.68,-5.92,-6.99,-9.55,-7.19,-3.73,-1.75,-3.41,-8.92,-4.27,-4.69,-3.64,,,,,,,,,,,,,,,,,
,,2470,-3.7,-4.57,-5.54,-6.34,-8.88,-7.95,-4.32,-1.87,-3.4,-8.8,-4.02,-4.68,-3.7,,,,,,,,,,,,,,,,,
,,2480,-3.86,-4.65,-5.41,-5.85,-8.38,-8.8,-4.99,-2.2,-3.69,-8.79,-3.99,-4.91,-3.86,,,,,,,,,,,,,,,,,
,,2490,-3.93,-4.59,-5.24,-5.46,-7.67,-9.28,-5.39,-2.37,-3.83,-9.11,-3.86,-5.05,-3.93,,,,,,,,,,,,,,,,,
,,2500,-4.15,-4.8,-5.12,-5.18,-7.36,-9.71,-5.85,-2.62,-4.01,-8.85,-3.85,-5.24,-4.15,,,,,,,,,,,,,,,,,
,,2510,-4.07,-4.84,-5.03,-5.05,-7.09,-10.04,-6.19,-2.93,-4.21,-8.84,-3.82,-5.38,-4.07,,,,,,,,,,,,,,,,,
,,2520,-4.18,-5,-5.09,-5.05,-6.95,-9.98,-6.62,-3.32,-4.44,-8.78,-3.83,-5.56,-4.18,,,,,,,,,,,,,,,,,
,,2530,-4.37,-5.01,-5.13,-5.24,-6.95,-10.21,-6.7,-3.69,-4.71,-8.64,-3.9,-5.64,-4.37,,,,,,,,,,,,,,,,,
,,2540,-4.26,-5.06,-5.22,-5.29,-6.9,-10.19,-7.05,-4.09,-5.07,-8.53,-3.86,-5.69,-4.26,,,,,,,,,,,,,,,,,
,,2550,-4.2,-5.06,-5.42,-5.4,-6.87,-10.05,-7.24,-4.44,-5.34,-8.53,-3.82,-5.59,-4.2,,,,,,,,,,,,,,,,,
,,2560,-4.12,-5.1,-5.43,-5.35,-6.79,-10,-7.24,-4.8,-5.69,-8.46,-3.79,-5.52,-4.12,,,,,,,,,,,,,,,,,
,,2570,-4.2,-5.24,-5.37,-5.42,-6.55,-9.69,-7.41,-5.2,-5.88,-8.2,-3.75,-5.28,-4.2,,,,,,,,,,,,,,,,,
,,2580,-4.14,-5.23,-5.39,-5.26,-6.33,-9.34,-7.3,-5.59,-6.14,-7.86,-3.63,-5.16,-4.14,,,,,,,,,,,,,,,,,
,,2590,-4.27,-5.47,-5.64,-5.28,-6.23,-9.02,-7.4,-5.97,-6.45,-7.93,-3.68,-4.93,-4.27,,,,,,,,,,,,,,,,,
,,2600,-4.41,-5.62,-5.86,-5.57,-6.16,-8.7,-7.43,-6.24,-6.66,-7.82,-3.65,-4.98,-4.41,,,,,,,,,,,,,,,,,
,,,,,,,,,,,,,,,,,,,,,,,,,,,,,,,,
,120,Phi Angle  (?,0,30,60,90,120,150,180,210,240,270,300,330,360,,,,,,,,,,,,,,,,,
,,Frequency  (MHz),Gain  (dBi),Gain  (dBi),Gain  (dBi),Gain  (dBi),Gain  (dBi),Gain  (dBi),Gain  (dBi),Gain  (dBi),Gain  (dBi),Gain  (dBi),Gain  (dBi),Gain  (dBi),Gain  (dBi),,,,,,,,,,,,,,,,,
,,2300,-0.95,-0.25,-1.36,-1.61,-1.59,-0.44,-2.3,-3.67,-3.44,-4.31,-2.58,-3.42,-0.95,,,,,,,,,,,,,,,,,
,,2310,-0.86,-0.31,-1.37,-1.55,-1.61,-0.28,-2.1,-3.48,-3.53,-4.42,-2.73,-3.43,-0.86,,,,,,,,,,,,,,,,,
,,2320,-1.06,-0.61,-1.67,-1.86,-1.81,-0.41,-2.01,-3.49,-3.93,-4.97,-2.99,-3.68,-1.06,,,,,,,,,,,,,,,,,
,,2330,-1.31,-0.99,-2.04,-2.14,-1.92,-0.45,-1.95,-3.7,-4.19,-5.15,-3.19,-3.82,-1.31,,,,,,,,,,,,,,,,,
,,2340,-1.55,-1.42,-2.52,-2.63,-2.25,-0.59,-1.98,-3.74,-4.32,-5.29,-3.34,-4.05,-1.55,,,,,,,,,,,,,,,,,
,,2350,-1.88,-1.85,-3.04,-3.18,-2.62,-0.79,-2.06,-3.8,-4.56,-5.49,-3.55,-4.25,-1.88,,,,,,,,,,,,,,,,,
,,2360,-2.24,-2.26,-3.5,-3.78,-3,-1.01,-2.14,-3.73,-4.61,-5.53,-3.78,-4.4,-2.24,,,,,,,,,,,,,,,,,
,,2370,-2.51,-2.68,-3.95,-4.18,-3.41,-1.26,-2.24,-3.55,-4.43,-5.53,-3.93,-4.43,-2.51,,,,,,,,,,,,,,,,,
,,2380,-2.81,-3.11,-4.43,-4.69,-3.89,-1.63,-2.32,-3.37,-4.24,-5.56,-4.05,-4.56,-2.81,,,,,,,,,,,,,,,,,
,,2390,-3.16,-3.59,-4.93,-5.3,-4.27,-2,-2.45,-3.07,-4.01,-5.56,-4.21,-4.57,-3.16,,,,,,,,,,,,,,,,,
,,2400,-3.74,-4.09,-5.41,-5.92,-4.78,-2.35,-2.75,-2.71,-3.63,-5.52,-4.44,-4.66,-3.74,,,,,,,,,,,,,,,,,
,,2410,-4.24,-4.67,-6.22,-6.69,-5.21,-2.73,-2.84,-2.23,-3.16,-5.29,-4.53,-4.68,-4.24,,,,,,,,,,,,,,,,,
,,2420,-4.79,-5.21,-6.88,-7.47,-5.79,-2.92,-2.87,-1.79,-2.76,-4.93,-4.43,-4.8,-4.79,,,,,,,,,,,,,,,,,
,,2430,-5.22,-5.44,-7.24,-7.97,-6.09,-3.05,-2.84,-1.15,-2.14,-4.6,-4.2,-4.79,-5.22,,,,,,,,,,,,,,,,,
,,2440,-5.38,-5.39,-7.21,-7.82,-6.26,-3.03,-2.62,-0.63,-1.62,-4.13,-3.83,-4.74,-5.38,,,,,,,,,,,,,,,,,
,,2450,-5.43,-5.18,-6.78,-7.34,-6.07,-3.08,-2.57,-0.29,-1.15,-3.75,-3.5,-4.66,-5.43,,,,,,,,,,,,,,,,,
,,2460,-5.32,-5.01,-6.23,-6.78,-5.79,-2.98,-2.5,-0.04,-0.85,-3.36,-3.17,-4.62,-5.32,,,,,,,,,,,,,,,,,
,,2470,-5.17,-4.73,-5.82,-6.05,-5.53,-2.94,-2.53,0.07,-0.69,-3.11,-3.05,-4.74,-5.17,,,,,,,,,,,,,,,,,
,,2480,-5.41,-4.66,-5.71,-5.83,-5.29,-3.05,-2.66,-0.04,-0.75,-3.08,-3.03,-4.99,-5.41,,,,,,,,,,,,,,,,,
,,2490,-5.35,-4.58,-5.39,-5.36,-5.12,-3.12,-2.96,-0.21,-0.76,-3.05,-2.97,-4.9,-5.35,,,,,,,,,,,,,,,,,
,,2500,-5.3,-4.54,-5.4,-5.28,-5.23,-3.35,-3.19,-0.42,-0.86,-3,-2.91,-5,-5.3,,,,,,,,,,,,,,,,,
,,2510,-5.11,-4.43,-5.24,-5.22,-5.4,-3.67,-3.61,-0.63,-0.95,-3.04,-2.89,-4.94,-5.11,,,,,,,,,,,,,,,,,
,,2520,-4.9,-4.42,-5.27,-5.32,-5.62,-3.96,-3.91,-0.92,-1.21,-3.15,-2.98,-5.03,-4.9,,,,,,,,,,,,,,,,,
,,2530,-4.82,-4.35,-5.29,-5.17,-5.82,-4.37,-4.23,-1.14,-1.52,-3.3,-3.02,-4.87,-4.82,,,,,,,,,,,,,,,,,
,,2540,-4.69,-4.49,-5.28,-5.38,-5.95,-4.59,-4.33,-1.37,-1.66,-3.5,-3.01,-4.8,-4.69,,,,,,,,,,,,,,,,,
,,2550,-4.65,-4.52,-5.34,-5.3,-6.13,-4.77,-4.46,-1.61,-1.86,-3.71,-3.05,-4.62,-4.65,,,,,,,,,,,,,,,,,
,,2560,-4.53,-4.53,-5.25,-5.19,-6.18,-4.95,-4.37,-1.65,-2.09,-3.8,-3,-4.52,-4.53,,,,,,,,,,,,,,,,,
,,2570,-4.63,-4.7,-5.36,-5.27,-6.34,-5.04,-4.53,-1.86,-2.28,-3.9,-3.12,-4.57,-4.63,,,,,,,,,,,,,,,,,
,,2580,-4.59,-4.89,-5.29,-5.26,-6.31,-5.16,-4.43,-1.91,-2.39,-3.92,-3,-4.48,-4.59,,,,,,,,,,,,,,,,,
,,2590,-4.77,-4.96,-5.43,-5.39,-6.34,-5.26,-4.5,-2.08,-2.59,-3.96,-3.13,-4.47,-4.77,,,,,,,,,,,,,,,,,
,,2600,-4.97,-5.34,-5.6,-5.62,-6.62,-5.39,-4.7,-2.34,-2.74,-4.31,-3.46,-4.58,-4.97,,,,,,,,,,,,,,,,,
,,,,,,,,,,,,,,,,,,,,,,,,,,,,,,,,
,150,Phi Angle  (?,0,30,60,90,120,150,180,210,240,270,300,330,360,,,,,,,,,,,,,,,,,
,,Frequency  (MHz),Gain  (dBi),Gain  (dBi),Gain  (dBi),Gain  (dBi),Gain  (dBi),Gain  (dBi),Gain  (dBi),Gain  (dBi),Gain  (dBi),Gain  (dBi),Gain  (dBi),Gain  (dBi),Gain  (dBi),,,,,,,,,,,,,,,,,
,,2300,-2.88,-1.18,-0.66,-0.97,-1.17,-1.63,-2.95,-4.65,-4.84,-4.31,-3.95,-4.54,-2.88,,,,,,,,,,,,,,,,,
,,2310,-2.75,-0.96,-0.5,-0.76,-0.94,-1.38,-2.84,-4.46,-4.63,-3.87,-3.52,-4.06,-2.75,,,,,,,,,,,,,,,,,
,,2320,-2.7,-1.12,-0.62,-0.79,-0.96,-1.41,-2.8,-4.46,-4.63,-3.89,-3.35,-3.96,-2.7,,,,,,,,,,,,,,,,,
,,2330,-2.62,-1.19,-0.77,-0.94,-1.17,-1.57,-2.94,-4.49,-4.59,-3.77,-3.26,-3.8,-2.62,,,,,,,,,,,,,,,,,
,,2340,-2.62,-1.31,-1.01,-1.16,-1.4,-1.76,-2.97,-4.46,-4.54,-3.68,-3.19,-3.69,-2.62,,,,,,,,,,,,,,,,,
,,2350,-2.74,-1.6,-1.47,-1.61,-1.8,-2.04,-3.09,-4.44,-4.5,-3.77,-3.23,-3.8,-2.74,,,,,,,,,,,,,,,,,
,,2360,-2.98,-1.9,-1.9,-2.12,-2.15,-2.33,-3.14,-4.32,-4.44,-3.78,-3.39,-3.8,-2.98,,,,,,,,,,,,,,,,,
,,2370,-3.34,-2.41,-2.52,-2.82,-2.68,-2.68,-3.25,-4.18,-4.37,-3.85,-3.47,-4.02,-3.34,,,,,,,,,,,,,,,,,
,,2380,-3.91,-2.99,-3.31,-3.58,-3.31,-3.11,-3.4,-4.11,-4.32,-3.96,-3.72,-4.31,-3.91,,,,,,,,,,,,,,,,,
,,2390,-4.64,-3.85,-4.26,-4.36,-4.07,-3.64,-3.57,-4.1,-4.2,-3.98,-3.83,-4.65,-4.64,,,,,,,,,,,,,,,,,
,,2400,-5.47,-4.62,-5,-5.01,-4.57,-3.87,-3.72,-4.03,-4.15,-3.95,-3.98,-5.04,-5.47,,,,,,,,,,,,,,,,,
,,2410,-6.03,-5.13,-5.18,-5.14,-4.51,-3.79,-3.68,-3.85,-3.81,-3.68,-3.9,-5.36,-6.03,,,,,,,,,,,,,,,,,
,,2420,-6.33,-5.08,-4.7,-4.29,-3.91,-3.51,-3.45,-3.49,-3.26,-3.26,-3.86,-5.55,-6.33,,,,,,,,,,,,,,,,,
,,2430,-6.06,-4.34,-3.73,-3.39,-3.04,-2.75,-2.79,-2.87,-2.67,-2.79,-3.58,-5.65,-6.06,,,,,,,,,,,,,,,,,
,,2440,-5.19,-3.35,-2.59,-2.36,-2.11,-1.96,-2.12,-2.2,-2.15,-2.34,-3.46,-5.48,-5.19,,,,,,,,,,,,,,,,,
,,2450,-4.39,-2.46,-1.71,-1.46,-1.37,-1.41,-1.67,-1.75,-1.62,-1.94,-3.17,-5.31,-4.39,,,,,,,,,,,,,,,,,
,,2460,-3.49,-1.69,-0.99,-0.8,-0.81,-0.92,-1.16,-1.29,-1.14,-1.58,-2.94,-4.77,-3.49,,,,,,,,,,,,,,,,,
,,2470,-2.95,-1.08,-0.42,-0.29,-0.43,-0.56,-0.91,-0.86,-0.79,-1.23,-2.57,-4.29,-2.95,,,,,,,,,,,,,,,,,
,,2480,-2.64,-0.82,-0.11,-0.07,-0.28,-0.52,-0.85,-0.79,-0.61,-1.04,-2.39,-4.09,-2.64,,,,,,,,,,,,,,,,,
,,2490,-2.38,-0.54,0.1,0.19,0.01,-0.29,-0.7,-0.56,-0.38,-0.86,-2.12,-3.8,-2.38,,,,,,,,,,,,,,,,,
,,2500,-2.36,-0.43,0.25,0.35,0.18,-0.23,-0.65,-0.43,-0.27,-0.66,-1.91,-3.74,-2.36,,,,,,,,,,,,,,,,,
,,2510,-2.31,-0.34,0.44,0.62,0.36,-0.1,-0.59,-0.37,-0.17,-0.64,-1.78,-3.62,-2.31,,,,,,,,,,,,,,,,,
,,2520,-2.35,-0.3,0.44,0.58,0.31,-0.07,-0.49,-0.45,-0.23,-0.66,-1.9,-3.78,-2.35,,,,,,,,,,,,,,,,,
,,2530,-2.53,-0.41,0.38,0.52,0.35,-0.09,-0.47,-0.35,-0.25,-0.72,-1.91,-4,-2.53,,,,,,,,,,,,,,,,,
,,2540,-2.65,-0.51,0.3,0.37,0.22,-0.06,-0.5,-0.45,-0.35,-0.82,-2.02,-4.13,-2.65,,,,,,,,,,,,,,,,,
,,2550,-2.75,-0.65,0.13,0.25,0.1,-0.21,-0.57,-0.52,-0.48,-0.9,-2.12,-4.12,-2.75,,,,,,,,,,,,,,,,,
,,2560,-2.58,-0.7,0.02,0.13,-0.03,-0.29,-0.61,-0.57,-0.47,-0.92,-2.07,-3.91,-2.58,,,,,,,,,,,,,,,,,
,,2570,-2.45,-0.79,-0.15,-0.1,-0.17,-0.46,-0.72,-0.69,-0.58,-1.04,-2.02,-3.82,-2.45,,,,,,,,,,,,,,,,,
,,2580,-2.33,-0.8,-0.24,-0.11,-0.31,-0.46,-0.87,-0.83,-0.75,-1.1,-2.1,-3.55,-2.33,,,,,,,,,,,,,,,,,
,,2590,-2.35,-0.85,-0.39,-0.27,-0.44,-0.61,-0.97,-0.96,-0.98,-1.27,-2.09,-3.5,-2.35,,,,,,,,,,,,,,,,,
,,2600,-2.48,-1.1,-0.71,-0.65,-0.77,-0.91,-1.19,-1.39,-1.23,-1.55,-2.39,-3.56,-2.48,,,,,,,,,,,,,,,,,
,,,,,,,,,,,,,,,,,,,,,,,,,,,,,,,,
,180,Phi Angle  (?,0,30,60,90,120,150,180,210,240,270,300,330,360,,,,,,,,,,,,,,,,,
,,Frequency  (MHz),Gain  (dBi),Gain  (dBi),Gain  (dBi),Gain  (dBi),Gain  (dBi),Gain  (dBi),Gain  (dBi),Gain  (dBi),Gain  (dBi),Gain  (dBi),Gain  (dBi),Gain  (dBi),Gain  (dBi),,,,,,,,,,,,,,,,,
,,2300,-2.56,-2.56,-2.56,-2.56,-2.56,-2.56,-2.56,-2.56,-2.56,-2.56,-2.56,-2.56,-2.56,,,,,,,,,,,,,,,,,
,,2310,-2.33,-2.33,-2.33,-2.33,-2.33,-2.33,-2.33,-2.33,-2.33,-2.33,-2.33,-2.33,-2.33,,,,,,,,,,,,,,,,,
,,2320,-2.35,-2.35,-2.35,-2.35,-2.35,-2.35,-2.35,-2.35,-2.35,-2.35,-2.35,-2.35,-2.35,,,,,,,,,,,,,,,,,
,,2330,-2.4,-2.4,-2.4,-2.4,-2.4,-2.4,-2.4,-2.4,-2.4,-2.4,-2.4,-2.4,-2.4,,,,,,,,,,,,,,,,,
,,2340,-2.49,-2.49,-2.49,-2.49,-2.49,-2.49,-2.49,-2.49,-2.49,-2.49,-2.49,-2.49,-2.49,,,,,,,,,,,,,,,,,
,,2350,-2.71,-2.71,-2.71,-2.71,-2.71,-2.71,-2.71,-2.71,-2.71,-2.71,-2.71,-2.71,-2.71,,,,,,,,,,,,,,,,,
,,2360,-2.93,-2.93,-2.93,-2.93,-2.93,-2.93,-2.93,-2.93,-2.93,-2.93,-2.93,-2.93,-2.93,,,,,,,,,,,,,,,,,
,,2370,-3.26,-3.26,-3.26,-3.26,-3.26,-3.26,-3.26,-3.26,-3.26,-3.26,-3.26,-3.26,-3.26,,,,,,,,,,,,,,,,,
,,2380,-3.67,-3.67,-3.67,-3.67,-3.67,-3.67,-3.67,-3.67,-3.67,-3.67,-3.67,-3.67,-3.67,,,,,,,,,,,,,,,,,
,,2390,-4.12,-4.12,-4.12,-4.12,-4.12,-4.12,-4.12,-4.12,-4.12,-4.12,-4.12,-4.12,-4.12,,,,,,,,,,,,,,,,,
,,2400,-4.49,-4.49,-4.49,-4.49,-4.49,-4.49,-4.49,-4.49,-4.49,-4.49,-4.49,-4.49,-4.49,,,,,,,,,,,,,,,,,
,,2410,-4.54,-4.54,-4.54,-4.54,-4.54,-4.54,-4.54,-4.54,-4.54,-4.54,-4.54,-4.54,-4.54,,,,,,,,,,,,,,,,,
,,2420,-4.26,-4.26,-4.26,-4.26,-4.26,-4.26,-4.26,-4.26,-4.26,-4.26,-4.26,-4.26,-4.26,,,,,,,,,,,,,,,,,
,,2430,-3.66,-3.66,-3.66,-3.66,-3.66,-3.66,-3.66,-3.66,-3.66,-3.66,-3.66,-3.66,-3.66,,,,,,,,,,,,,,,,,
,,2440,-2.95,-2.95,-2.95,-2.95,-2.95,-2.95,-2.95,-2.95,-2.95,-2.95,-2.95,-2.95,-2.95,,,,,,,,,,,,,,,,,
,,2450,-2.34,-2.34,-2.34,-2.34,-2.34,-2.34,-2.34,-2.34,-2.34,-2.34,-2.34,-2.34,-2.34,,,,,,,,,,,,,,,,,
,,2460,-1.77,-1.77,-1.77,-1.77,-1.77,-1.77,-1.77,-1.77,-1.77,-1.77,-1.77,-1.77,-1.77,,,,,,,,,,,,,,,,,
,,2470,-1.33,-1.33,-1.33,-1.33,-1.33,-1.33,-1.33,-1.33,-1.33,-1.33,-1.33,-1.33,-1.33,,,,,,,,,,,,,,,,,
,,2480,-1.15,-1.15,-1.15,-1.15,-1.15,-1.15,-1.15,-1.15,-1.15,-1.15,-1.15,-1.15,-1.15,,,,,,,,,,,,,,,,,
,,2490,-0.91,-0.91,-0.91,-0.91,-0.91,-0.91,-0.91,-0.91,-0.91,-0.91,-0.91,-0.91,-0.91,,,,,,,,,,,,,,,,,
,,2500,-0.79,-0.79,-0.79,-0.79,-0.79,-0.79,-0.79,-0.79,-0.79,-0.79,-0.79,-0.79,-0.79,,,,,,,,,,,,,,,,,
,,2510,-0.67,-0.67,-0.67,-0.67,-0.67,-0.67,-0.67,-0.67,-0.67,-0.67,-0.67,-0.67,-0.67,,,,,,,,,,,,,,,,,
,,2520,-0.7,-0.7,-0.7,-0.7,-0.7,-0.7,-0.7,-0.7,-0.7,-0.7,-0.7,-0.7,-0.7,,,,,,,,,,,,,,,,,
,,2530,-0.74,-0.74,-0.74,-0.74,-0.74,-0.74,-0.74,-0.74,-0.74,-0.74,-0.74,-0.74,-0.74,,,,,,,,,,,,,,,,,
,,2540,-0.83,-0.83,-0.83,-0.83,-0.83,-0.83,-0.83,-0.83,-0.83,-0.83,-0.83,-0.83,-0.83,,,,,,,,,,,,,,,,,
,,2550,-0.94,-0.94,-0.94,-0.94,-0.94,-0.94,-0.94,-0.94,-0.94,-0.94,-0.94,-0.94,-0.94,,,,,,,,,,,,,,,,,
,,2560,-0.97,-0.97,-0.97,-0.97,-0.97,-0.97,-0.97,-0.97,-0.97,-0.97,-0.97,-0.97,-0.97,,,,,,,,,,,,,,,,,
,,2570,-1.06,-1.06,-1.06,-1.06,-1.06,-1.06,-1.06,-1.06,-1.06,-1.06,-1.06,-1.06,-1.06,,,,,,,,,,,,,,,,,
,,2580,-1.11,-1.11,-1.11,-1.11,-1.11,-1.11,-1.11,-1.11,-1.11,-1.11,-1.11,-1.11,-1.11,,,,,,,,,,,,,,,,,
,,2590,-1.22,-1.22,-1.22,-1.22,-1.22,-1.22,-1.22,-1.22,-1.22,-1.22,-1.22,-1.22,-1.22,,,,,,,,,,,,,,,,,
,,2600,-1.49,-1.49,-1.49,-1.49,-1.49,-1.49,-1.49,-1.49,-1.49,-1.49,-1.49,-1.49,-1.49,,,,,,,,,,,,,,,,,
,,,,,,,,,,,,,,,,,,,,,,,,,,,,,,,,
Total,Frequency  (MHz),2300,2310,2320,2330,2340,2350,2360,2370,2380,2390,2400,2410,2420,2430,2440,2450,2460,2470,2480,2490,2500,2510,2520,2530,2540,2550,2560,2570,2580,2590,2600
,Point Values,,,,,,,,,,,,,,,,,,,,,,,,,,,,,,,
,Ant. Port Input Pwr. (dBm),0,0,0,0,0,0,0,0,0,0,0,0,0,0,0,0,0,0,0,0,0,0,0,0,0,0,0,0,0,0,0
,Tot. Rad. Pwr. (dBm),-2.77973,-2.67304,-2.7844,-2.89076,-3.03033,-3.25238,-3.41734,-3.63618,-3.87582,-4.14918,-4.46156,-4.68624,-4.7998,-4.74673,-4.54238,-4.33233,-4.11313,-3.95803,-3.98544,-3.93288,-3.97673,-4.00875,-4.12579,-4.2419,-4.35081,-4.46185,-4.50343,-4.60204,-4.63914,-4.76597,-4.99265
,Peak EIRP (dBm),-0.252967,-0.282492,-0.405467,-0.445246,-0.585949,-0.764405,-0.782725,-0.873651,-0.979684,-1.12696,-1.44838,-1.78088,-1.79469,-1.14718,-0.625893,-0.289035,-0.0388767,0.0743622,-0.043876,0.194833,0.348246,0.617662,0.578639,0.524591,0.372616,0.252633,0.128972,-0.100781,-0.107716,-0.268247,-0.653717
,Directivity (dBi),2.52677,2.39055,2.37893,2.44551,2.44438,2.48797,2.63462,2.76253,2.89614,3.02223,3.01318,2.90536,3.00511,3.59955,3.91649,4.04329,4.07425,4.03239,3.94157,4.12771,4.32498,4.62641,4.70443,4.76649,4.72342,4.71448,4.6324,4.50125,4.53143,4.49773,4.33893
,Efficiency (dB),-2.77973,-2.67304,-2.7844,-2.89076,-3.03033,-3.25238,-3.41734,-3.63618,-3.87582,-4.14918,-4.46156,-4.68624,-4.7998,-4.74673,-4.54238,-4.33233,-4.11313,-3.95803,-3.98544,-3.93288,-3.97673,-4.00875,-4.12579,-4.2419,-4.35081,-4.46185,-4.50343,-4.60204,-4.63914,-4.76597,-4.99265
,Efficiency (%),52.7262,54.0376,52.6696,51.3954,49.77,47.2892,45.5267,43.2894,40.9655,38.4664,35.7968,33.992,33.1146,33.5218,35.1368,36.878,38.7871,40.1973,39.9444,40.4308,40.0246,39.7306,38.6741,37.6539,36.7214,35.7944,35.4533,34.6574,34.3626,33.3736,31.6764
,Gain (dBi),-0.252967,-0.282492,-0.405467,-0.445246,-0.585949,-0.764405,-0.782725,-0.873651,-0.979684,-1.12696,-1.44838,-1.78088,-1.79469,-1.14718,-0.625893,-0.289035,-0.0388767,0.0743622,-0.043876,0.194833,0.348246,0.617662,0.578639,0.524591,0.372616,0.252633,0.128972,-0.100781,-0.107716,-0.268247,-0.653717
,NHPRP ±Pi/4 (dBm),-4.19102,-4.10941,-4.23226,-4.34769,-4.49024,-4.70833,-4.86392,-5.06581,-5.28084,-5.54053,-5.86068,-6.13359,-6.33708,-6.39893,-6.30929,-6.18415,-6.03264,-5.92482,-5.98698,-5.96516,-6.03916,-6.10012,-6.23412,-6.3673,-6.47753,-6.58818,-6.63377,-6.7319,-6.76324,-6.89848,-7.10492
,NHPRP ±Pi/6 (dBm),-5.76428,-5.6922,-5.80256,-5.90637,-6.0277,-6.2254,-6.35854,-6.54322,-6.74195,-7.00026,-7.32265,-7.61854,-7.857,-7.96608,-7.94001,-7.86949,-7.767,-7.69457,-7.78689,-7.78454,-7.87441,-7.94633,-8.08701,-8.22721,-8.336,-8.43992,-8.48585,-8.56938,-8.58396,-8.71315,-8.88935
,NHPRP ±Pi/8 (dBm),-6.94044,-6.86958,-6.9658,-7.05702,-7.15932,-7.34083,-7.45764,-7.63255,-7.82434,-8.08519,-8.40735,-8.70934,-8.95206,-9.06772,-9.06093,-9.01045,-8.92829,-8.87089,-8.97783,-8.98203,-9.07539,-9.14679,-9.28734,-9.42765,-9.5347,-9.63282,-9.67763,-9.74855,-9.75059,-9.87157,-10.0288
,Upper Hem. PRP (dBm),-6.13164,-6.00929,-6.10432,-6.19004,-6.31554,-6.52471,-6.65471,-6.87486,-7.09542,-7.35847,-7.70706,-8.00365,-8.22732,-8.35955,-8.32168,-8.26204,-8.18634,-8.15712,-8.27028,-8.29334,-8.41928,-8.5248,-8.68163,-8.84727,-8.97505,-9.10044,-9.16137,-9.24992,-9.31415,-9.47507,-9.68723
,Lower Hem. PRP (dBm),-5.47335,-5.38016,-5.50569,-5.63012,-5.78209,-6.01556,-6.21186,-6.42951,-6.68644,-6.96921,-7.24873,-7.40971,-7.42947,-7.228,-6.89957,-6.58426,-6.27019,-6.03599,-6.01162,-5.91472,-5.91179,-5.9031,-5.99854,-6.08817,-6.18711,-6.29062,-6.32211,-6.42595,-6.44897,-6.55828,-6.79239
,NHPRP4 / TRP Ratio (dB),-1.41129,-1.43637,-1.44786,-1.45693,-1.45991,-1.45595,-1.44658,-1.42963,-1.40502,-1.39135,-1.39913,-1.44735,-1.53728,-1.6522,-1.76691,-1.85182,-1.91951,-1.96679,-2.00154,-2.03228,-2.06243,-2.09137,-2.10833,-2.1254,-2.12673,-2.12634,-2.13034,-2.12987,-2.12409,-2.13251,-2.11228
,NHPRP4 / TRP Ratio (%),72.2556,71.8394,71.6497,71.5001,71.451,71.5163,71.6708,71.9511,72.3599,72.588,72.4581,71.658,70.1895,68.3565,66.5747,65.2857,64.2761,63.58,63.0734,62.6285,62.1952,61.7822,61.5414,61.3,61.2812,61.2867,61.2302,61.2369,61.3184,61.1997,61.4854
,Near Horz. TRP for ±Pi/4 (dBm),-2.68587,-2.60426,-2.72711,-2.84254,-2.98509,-3.20318,-3.35877,-3.56066,-3.77569,-4.03538,-4.35553,-4.62844,-4.83193,-4.89378,-4.80414,-4.679,-4.52749,-4.41967,-4.48183,-4.46001,-4.53401,-4.59497,-4.72897,-4.86215,-4.97238,-5.08303,-5.12862,-5.22675,-5.25809,-5.39333,-5.59977
,NHPRP6 / TRP Ratio (dB),-2.98454,-3.01916,-3.01816,-3.01561,-2.99737,-2.97303,-2.9412,-2.90704,-2.86612,-2.85108,-2.8611,-2.93231,-3.05719,-3.21935,-3.39763,-3.53716,-3.65387,-3.73654,-3.80144,-3.85166,-3.89768,-3.93758,-3.96121,-3.98531,-3.9852,-3.97807,-3.98242,-3.96734,-3.94482,-3.94718,-3.89671
,NHPRP6 / TRP Ratio (%),50.2974,49.8981,49.9096,49.9389,50.1491,50.431,50.802,51.2031,51.6877,51.8671,51.7476,50.906,49.463,47.6502,45.7337,44.2878,43.1135,42.3006,41.6731,41.194,40.7598,40.387,40.1679,39.9456,39.9466,40.0123,39.9722,40.1112,40.3198,40.2979,40.7689
,Near Horz. TRP for ±Pi/6 (dBm),-2.75398,-2.6819,-2.79226,-2.89607,-3.0174,-3.2151,-3.34824,-3.53292,-3.73165,-3.98996,-4.31235,-4.60824,-4.8467,-4.95578,-4.92971,-4.85919,-4.7567,-4.68427,-4.77659,-4.77424,-4.86411,-4.93603,-5.07671,-5.21691,-5.3257,-5.42962,-5.47555,-5.55908,-5.57366,-5.70285,-5.87905
,NHPRP8 / TRP Ratio (dB),-4.16071,-4.19654,-4.1814,-4.16626,-4.12899,-4.08845,-4.04029,-3.99637,-3.94852,-3.93601,-3.94579,-4.02311,-4.15226,-4.321,-4.51856,-4.67812,-4.81516,-4.91286,-4.99238,-5.04914,-5.09866,-5.13804,-5.16154,-5.18575,-5.1839,-5.17098,-5.1742,-5.14651,-5.11145,-5.1056,-5.03616
,NHPRP8 / TRP Ratio (%),38.3645,38.0493,38.1821,38.3155,38.6457,39.0081,39.4431,39.844,40.2854,40.4016,40.3107,39.5995,38.4392,36.9743,35.3301,34.0556,32.9977,32.2637,31.6783,31.2669,30.9125,30.6334,30.4681,30.2988,30.3117,30.402,30.3795,30.5738,30.8216,30.8631,31.3605
,Near Horz. TRP for ±Pi/8 (dBm),-2.76884,-2.69797,-2.7942,-2.88542,-2.98771,-3.16922,-3.28603,-3.46095,-3.65274,-3.91359,-4.23575,-4.53774,-4.78045,-4.89612,-4.88933,-4.83885,-4.75669,-4.69929,-4.80622,-4.81042,-4.90379,-4.97519,-5.11574,-5.25605,-5.3631,-5.46122,-5.50602,-5.57695,-5.57898,-5.69997,-5.85721
,UHPRP / TRP Ratio (dB),-3.35191,-3.33624,-3.31992,-3.29928,-3.28521,-3.27233,-3.23737,-3.23868,-3.2196,-3.20929,-3.24551,-3.31741,-3.42752,-3.61282,-3.77931,-3.92971,-4.07321,-4.1991,-4.28484,-4.36046,-4.44255,-4.51605,-4.55583,-4.60537,-4.62425,-4.63859,-4.65794,-4.64788,-4.67501,-4.7091,-4.69458
,UHPRP / TRP Ratio (%),46.2178,46.3848,46.5595,46.7813,46.9331,47.0725,47.453,47.4386,47.6475,47.7608,47.3641,46.5864,45.4201,43.5229,41.886,40.4602,39.1453,38.0269,37.2834,36.6399,35.9538,35.3505,35.0281,34.6308,34.4806,34.3669,34.2142,34.2935,34.0799,33.8135,33.9267
,Upper Hem.Total Radiated Pwr (dBm),-3.12134,-2.99899,-3.09402,-3.17974,-3.30524,-3.51441,-3.64441,-3.86456,-4.08512,-4.34817,-4.69676,-4.99335,-5.21702,-5.34925,-5.31138,-5.25174,-5.17604,-5.14682,-5.25998,-5.28304,-5.40898,-5.5145,-5.67133,-5.83697,-5.96475,-6.09014,-6.15107,-6.23962,-6.30385,-6.46477,-6.67693
,LHPRP / TRP Ratio (dB),-2.69361,-2.70712,-2.72129,-2.73936,-2.75176,-2.76318,-2.79452,-2.79333,-2.81062,-2.82003,-2.78718,-2.72348,-2.62967,-2.48127,-2.3572,-2.25193,-2.15706,-2.07796,-2.02618,-1.98184,-1.93507,-1.89435,-1.87274,-1.84627,-1.8363,-1.82877,-1.81868,-1.82392,-1.80982,-1.79231,-1.79974
,LHPRP / TRP Ratio (%),53.7822,53.6152,53.4405,53.2187,53.0669,52.9275,52.547,52.5614,52.3525,52.2392,52.6359,53.4136,54.5799,56.4771,58.114,59.5398,60.8547,61.9731,62.7166,63.3601,64.0462,64.6495,64.9719,65.3692,65.5194,65.6331,65.7858,65.7065,65.9201,66.1865,66.0733
,Lower Hem. Total Radiated Pwr(dBm),-2.46305,-2.36986,-2.49539,-2.61982,-2.77179,-3.00526,-3.20156,-3.41921,-3.67614,-3.95891,-4.23843,-4.39941,-4.41917,-4.2177,-3.88927,-3.57396,-3.25989,-3.02569,-3.00132,-2.90442,-2.90149,-2.8928,-2.98824,-3.07787,-3.17681,-3.28032,-3.31181,-3.41565,-3.43867,-3.54798,-3.78209
,PRP (dBm) (theta = 0 to 120),-4.17526,-4.0798,-4.18907,-4.28758,-4.41817,-4.62583,-4.76417,-4.96616,-5.17767,-5.43272,-5.75564,-6.03153,-6.23595,-6.32385,-6.26358,-6.18162,-6.08231,-6.03143,-6.13778,-6.15545,-6.26864,-6.36357,-6.51844,-6.67269,-6.79135,-6.90377,-6.95159,-7.03942,-7.072,-7.20958,-7.40393
,Front/Back Ratio (dB),3.01758,2.21749,2.12079,2.24139,2.25826,0.612085,0.646913,0.724496,0.820738,0.990905,1.05543,1.1453,3.31682,4.48666,5.10198,5.39854,5.5106,5.43333,5.11558,5.31753,5.64152,5.93541,6.07088,6.26252,6.26922,6.18585,6.07039,5.99154,6.0931,6.03196,6.02404
,Phi BW (?,142,258,263,263,269,106,106,108,108,108,108,108,115,104,95,88,83,78,78,96,91,86,85,84,86,85,86,87,87,88,89
,+ Phi BW (?,89,68,71,72,78,55,58,62,64,66,68,70,47,45,44,45,45,45,46,53,49,45,44,43,44,43,43,44,44,44,45
,- Phi BW (?,53,190,192,191,191,51,48,46,44,42,40,38,68,59,51,43,38,33,32,43,42,41,41,41,42,42,43,43,43,44,44
,Theta BW (?,171,164,164,161,161,305,302,299,297,126,121,126,136,132,141,144,146,148,148,109,108,105,105,104,104,103,105,106,106,107,108
,+ Th. BW (?,72,79,82,84,88,255,256,258,259,91,89,96,81,83,96,102,106,109,111,88,87,84,84,83,83,82,83,84,84,85,85
,- Th. BW (?,99,85,82,77,73,50,46,41,38,35,32,30,55,49,45,42,40,39,37,21,21,21,21,21,21,21,22,22,22,22,23
,Boresight Phi (?,30,150,150,150,150,180,180,180,180,180,180,180,210,210,210,210,210,210,210,90,90,90,90,90,90,90,90,90,90,90,90
,Boresight Th. (?,120,120,120,120,120,90,90,90,90,90,90,90,120,120,120,120,120,120,120,150,150,150,150,150,150,150,150,150,150,150,150
,Maximum Power (dBm),-0.252967,-0.282492,-0.405467,-0.445246,-0.585949,-0.764405,-0.782725,-0.873651,-0.979684,-1.12696,-1.44838,-1.78088,-1.79469,-1.14718,-0.625893,-0.289035,-0.0388767,0.0743622,-0.043876,0.194833,0.348246,0.617662,0.578639,0.524591,0.372616,0.252633,0.128972,-0.100781,-0.107716,-0.268247,-0.653717
,Minimum Power (dBm),-14.2261,-13.8158,-13.7752,-13.1025,-12.7423,-12.166,-11.5176,-10.9641,-10.4087,-9.99939,-9.93071,-9.7037,-9.55701,-9.4161,-9.9014,-9.93454,-10.2593,-10.8025,-11.2949,-11.3406,-11.6843,-12.2436,-12.4978,-12.8158,-13.6536,-14.4296,-15.1663,-15.5297,-15.6426,-15.5771,-15.4905
,Average Power (dBm),-2.96598,-2.82751,-2.90573,-2.98724,-3.09477,-3.30626,-3.47038,-3.69378,-3.95703,-4.2352,-4.52398,-4.66835,-4.62809,-4.41838,-4.05562,-3.75582,-3.47005,-3.25354,-3.25107,-3.15085,-3.16861,-3.15363,-3.23298,-3.32086,-3.3969,-3.47708,-3.47577,-3.54338,-3.57399,-3.6649,-3.88513
,Max/Min Ratio (dB),13.9731,13.5333,13.3698,12.6572,12.1563,11.4016,10.7348,10.0904,9.42899,8.87244,8.48233,7.92282,7.76232,8.26892,9.27551,9.64551,10.2204,10.8769,11.251,11.5355,12.0325,12.8612,13.0765,13.3403,14.0262,14.6822,15.2953,15.4289,15.5348,15.3088,14.8368
,Max/Avg Ratio (dB),2.71302,2.54502,2.50026,2.54199,2.50882,2.54186,2.68765,2.82013,2.97735,3.10825,3.0756,2.88747,2.8334,3.2712,3.42972,3.46679,3.43118,3.3279,3.2072,3.34568,3.51685,3.77129,3.81162,3.84545,3.76952,3.72971,3.60475,3.4426,3.46627,3.39666,3.23141
,Min/Avg Ratio (dB),-11.2601,-10.9883,-10.8695,-10.1153,-9.64753,-8.85971,-8.04719,-7.27029,-6.45163,-5.76419,-5.40673,-5.03535,-4.92892,-4.99772,-5.84579,-6.17872,-6.78922,-7.54899,-8.04384,-8.18977,-8.51565,-9.08994,-9.26487,-9.49489,-10.2567,-10.9525,-11.6906,-11.9863,-12.0686,-11.9122,-11.6054
,Minimum Gain (dB),-14.2261,-13.8158,-13.7752,-13.1025,-12.7423,-12.166,-11.5176,-10.9641,-10.4087,-9.99939,-9.93071,-9.7037,-9.55701,-9.4161,-9.9014,-9.93454,-10.2593,-10.8025,-11.2949,-11.3406,-11.6843,-12.2436,-12.4978,-12.8158,-13.6536,-14.4296,-15.1663,-15.5297,-15.6426,-15.5771,-15.4905
,Maximum Gain (dB),-0.252967,-0.282492,-0.405467,-0.445246,-0.585949,-0.764405,-0.782725,-0.873651,-0.979684,-1.12696,-1.44838,-1.78088,-1.79469,-1.14718,-0.625893,-0.289035,-0.0388767,0.0743622,-0.043876,0.194833,0.348246,0.617662,0.578639,0.524591,0.372616,0.252633,0.128972,-0.100781,-0.107716,-0.268247,-0.653717
,Average Gain (dB),-2.77973,-2.67304,-2.7844,-2.89076,-3.03033,-3.25238,-3.41734,-3.63618,-3.87582,-4.14918,-4.46156,-4.68624,-4.7998,-4.74673,-4.54238,-4.33233,-4.11313,-3.95803,-3.98544,-3.93288,-3.97673,-4.00875,-4.12579,-4.2419,-4.35081,-4.46185,-4.50343,-4.60204,-4.63914,-4.76597,-4.99265
,E-Plane BW (?,227,231,94,84,83,93,92,93,99,107,109,109,133,129,132,133,136,137,139,115,112,108,108,107,107,106,107,108,108,109,111
,+ E-Plane BW (?,47,40,42,41,42,48,46,42,40,37,42,39,80,83,89,94,98,101,104,94,91,87,87,86,86,85,85,86,86,87,89
,- E-Plane BW (?,180,191,52,43,41,45,46,51,59,70,67,70,53,46,43,39,38,36,35,21,21,21,21,21,21,21,22,22,22,22,22
,H-Plane BW (?,279,277,281,283,289,293,289,282,135,114,119,262,246,134,111,100,97,98,104,93,90,85,84,83,83,84,85,87,85,87,88
,+ H-Plane BW (?,181,85,87,90,95,238,237,233,87,67,37,34,177,76,62,61,65,69,76,49,47,43,42,41,40,41,41,42,41,41,41
,- H-Plane BW (?,98,192,194,193,194,55,52,49,48,47,82,228,69,58,49,39,32,29,28,44,43,42,42,42,43,43,44,45,44,46,47
